"cond";"prob";"ind";"l_rate";"temperature";"correct";"perseverations";"flexibility"
"0.50.050.0125";0.5;1;0.05;0.0125;60;0;60
"0.50.050.0125";0.5;2;0.05;0.0125;60;0;60
"0.50.050.0125";0.5;3;0.05;0.0125;60;0;60
"0.50.050.0125";0.5;4;0.05;0.0125;60;0;60
"0.50.050.0125";0.5;5;0.05;0.0125;60;0;60
"0.50.050.0125";0.5;6;0.05;0.0125;56;3;57
"0.50.050.0125";0.5;7;0.05;0.0125;56;4;56
"0.50.050.0125";0.5;8;0.05;0.0125;60;0;60
"0.50.050.0125";0.5;9;0.05;0.0125;60;0;60
"0.50.050.0125";0.5;10;0.05;0.0125;60;0;60
"0.50.050.0125";0.5;11;0.05;0.0125;60;0;60
"0.50.050.0125";0.5;12;0.05;0.0125;60;0;60
"0.50.050.0125";0.5;13;0.05;0.0125;60;0;60
"0.50.050.0125";0.5;14;0.05;0.0125;55;5;55
"0.50.050.0125";0.5;15;0.05;0.0125;60;0;60
"0.50.050.0125";0.5;16;0.05;0.0125;59;0;60
"0.50.050.0125";0.5;17;0.05;0.0125;60;0;60
"0.50.050.0125";0.5;18;0.05;0.0125;60;0;60
"0.50.050.0125";0.5;19;0.05;0.0125;59;1;59
"0.50.050.0125";0.5;20;0.05;0.0125;58;2;58
"0.50.050.0125";0.5;21;0.05;0.0125;60;0;60
"0.50.050.0125";0.5;22;0.05;0.0125;60;0;60
"0.50.050.0125";0.5;23;0.05;0.0125;57;2;58
"0.50.050.0125";0.5;24;0.05;0.0125;57;2;58
"0.50.050.0125";0.5;25;0.05;0.0125;55;3;57
"0.50.050.0125";0.5;26;0.05;0.0125;60;0;60
"0.50.050.0125";0.5;27;0.05;0.0125;60;0;60
"0.50.050.0125";0.5;28;0.05;0.0125;60;0;60
"0.50.050.0125";0.5;29;0.05;0.0125;60;0;60
"0.50.050.0125";0.5;30;0.05;0.0125;60;0;60
"0.50.050.0125";0.5;31;0.05;0.0125;58;2;58
"0.50.050.0125";0.5;32;0.05;0.0125;60;0;60
"0.50.050.0125";0.5;33;0.05;0.0125;60;0;60
"0.50.050.0125";0.5;34;0.05;0.0125;60;0;60
"0.50.050.0125";0.5;35;0.05;0.0125;58;1;59
"0.50.050.0125";0.5;36;0.05;0.0125;59;1;59
"0.50.050.0125";0.5;37;0.05;0.0125;60;0;60
"0.50.050.0125";0.5;38;0.05;0.0125;60;0;60
"0.50.050.0125";0.5;39;0.05;0.0125;59;1;59
"0.50.050.0125";0.5;40;0.05;0.0125;60;0;60
"0.50.050.0125";0.5;41;0.05;0.0125;59;1;59
"0.50.050.0125";0.5;42;0.05;0.0125;56;4;56
"0.50.050.0125";0.5;43;0.05;0.0125;60;0;60
"0.50.050.0125";0.5;44;0.05;0.0125;52;6;54
"0.50.050.0125";0.5;45;0.05;0.0125;60;0;60
"0.50.050.0125";0.5;46;0.05;0.0125;60;0;60
"0.50.050.0125";0.5;47;0.05;0.0125;59;1;59
"0.50.050.0125";0.5;48;0.05;0.0125;60;0;60
"0.50.050.0125";0.5;49;0.05;0.0125;54;5;55
"0.50.050.0125";0.5;50;0.05;0.0125;60;0;60
"0.50.050.0125";0.5;51;0.05;0.0125;60;0;60
"0.50.050.0125";0.5;52;0.05;0.0125;55;5;55
"0.50.050.0125";0.5;53;0.05;0.0125;60;0;60
"0.50.050.0125";0.5;54;0.05;0.0125;60;0;60
"0.50.050.0125";0.5;55;0.05;0.0125;58;2;58
"0.50.050.0125";0.5;56;0.05;0.0125;60;0;60
"0.50.050.0125";0.5;57;0.05;0.0125;60;0;60
"0.50.050.0125";0.5;58;0.05;0.0125;58;1;59
"0.50.050.0125";0.5;59;0.05;0.0125;56;4;56
"0.50.050.0125";0.5;60;0.05;0.0125;56;3;57
"0.50.050.0125";0.5;61;0.05;0.0125;59;1;59
"0.50.050.0125";0.5;62;0.05;0.0125;60;0;60
"0.50.050.0125";0.5;63;0.05;0.0125;57;0;60
"0.50.050.0125";0.5;64;0.05;0.0125;59;1;59
"0.50.050.0125";0.5;65;0.05;0.0125;58;0;60
"0.50.050.0125";0.5;66;0.05;0.0125;59;1;59
"0.50.050.0125";0.5;67;0.05;0.0125;58;1;59
"0.50.050.0125";0.5;68;0.05;0.0125;59;0;60
"0.50.050.0125";0.5;69;0.05;0.0125;60;0;60
"0.50.050.0125";0.5;70;0.05;0.0125;58;1;59
"0.50.050.0125";0.5;71;0.05;0.0125;60;0;60
"0.50.050.0125";0.5;72;0.05;0.0125;60;0;60
"0.50.050.0125";0.5;73;0.05;0.0125;60;0;60
"0.50.050.0125";0.5;74;0.05;0.0125;59;1;59
"0.50.050.0125";0.5;75;0.05;0.0125;60;0;60
"0.50.050.0125";0.5;76;0.05;0.0125;59;1;59
"0.50.050.0125";0.5;77;0.05;0.0125;59;0;60
"0.50.050.0125";0.5;78;0.05;0.0125;60;0;60
"0.50.050.0125";0.5;79;0.05;0.0125;59;0;60
"0.50.050.0125";0.5;80;0.05;0.0125;57;3;57
"0.50.050.0125";0.5;81;0.05;0.0125;60;0;60
"0.50.050.0125";0.5;82;0.05;0.0125;57;1;59
"0.50.050.0125";0.5;83;0.05;0.0125;60;0;60
"0.50.050.0125";0.5;84;0.05;0.0125;60;0;60
"0.50.050.0125";0.5;85;0.05;0.0125;60;0;60
"0.50.050.0125";0.5;86;0.05;0.0125;60;0;60
"0.50.050.0125";0.5;87;0.05;0.0125;59;1;59
"0.50.050.0125";0.5;88;0.05;0.0125;53;6;54
"0.50.050.0125";0.5;89;0.05;0.0125;54;6;54
"0.50.050.0125";0.5;90;0.05;0.0125;58;2;58
"0.50.050.0125";0.5;91;0.05;0.0125;60;0;60
"0.50.050.0125";0.5;92;0.05;0.0125;60;0;60
"0.50.050.0125";0.5;93;0.05;0.0125;60;0;60
"0.50.050.0125";0.5;94;0.05;0.0125;59;1;59
"0.50.050.0125";0.5;95;0.05;0.0125;59;1;59
"0.50.050.0125";0.5;96;0.05;0.0125;60;0;60
"0.50.050.0125";0.5;97;0.05;0.0125;60;0;60
"0.50.050.0125";0.5;98;0.05;0.0125;59;1;59
"0.50.050.0125";0.5;99;0.05;0.0125;57;3;57
"0.50.050.0125";0.5;100;0.05;0.0125;60;0;60
"0.50.050.025";0.5;1;0.05;0.025;55;2;58
"0.50.050.025";0.5;2;0.05;0.025;59;0;60
"0.50.050.025";0.5;3;0.05;0.025;54;5;55
"0.50.050.025";0.5;4;0.05;0.025;54;4;56
"0.50.050.025";0.5;5;0.05;0.025;55;3;57
"0.50.050.025";0.5;6;0.05;0.025;56;4;56
"0.50.050.025";0.5;7;0.05;0.025;59;1;59
"0.50.050.025";0.5;8;0.05;0.025;51;7;53
"0.50.050.025";0.5;9;0.05;0.025;52;6;54
"0.50.050.025";0.5;10;0.05;0.025;59;0;60
"0.50.050.025";0.5;11;0.05;0.025;59;1;59
"0.50.050.025";0.5;12;0.05;0.025;56;2;58
"0.50.050.025";0.5;13;0.05;0.025;58;1;59
"0.50.050.025";0.5;14;0.05;0.025;60;0;60
"0.50.050.025";0.5;15;0.05;0.025;55;3;57
"0.50.050.025";0.5;16;0.05;0.025;53;5;55
"0.50.050.025";0.5;17;0.05;0.025;56;1;59
"0.50.050.025";0.5;18;0.05;0.025;50;4;56
"0.50.050.025";0.5;19;0.05;0.025;52;3;57
"0.50.050.025";0.5;20;0.05;0.025;57;1;59
"0.50.050.025";0.5;21;0.05;0.025;46;7;53
"0.50.050.025";0.5;22;0.05;0.025;56;1;59
"0.50.050.025";0.5;23;0.05;0.025;55;4;56
"0.50.050.025";0.5;24;0.05;0.025;56;2;58
"0.50.050.025";0.5;25;0.05;0.025;58;0;60
"0.50.050.025";0.5;26;0.05;0.025;57;0;60
"0.50.050.025";0.5;27;0.05;0.025;57;3;57
"0.50.050.025";0.5;28;0.05;0.025;49;8;52
"0.50.050.025";0.5;29;0.05;0.025;53;3;57
"0.50.050.025";0.5;30;0.05;0.025;54;4;56
"0.50.050.025";0.5;31;0.05;0.025;58;1;59
"0.50.050.025";0.5;32;0.05;0.025;45;6;54
"0.50.050.025";0.5;33;0.05;0.025;55;4;56
"0.50.050.025";0.5;34;0.05;0.025;56;2;58
"0.50.050.025";0.5;35;0.05;0.025;41;8;52
"0.50.050.025";0.5;36;0.05;0.025;59;1;59
"0.50.050.025";0.5;37;0.05;0.025;52;5;55
"0.50.050.025";0.5;38;0.05;0.025;40;15;45
"0.50.050.025";0.5;39;0.05;0.025;57;1;59
"0.50.050.025";0.5;40;0.05;0.025;59;1;59
"0.50.050.025";0.5;41;0.05;0.025;58;1;59
"0.50.050.025";0.5;42;0.05;0.025;58;0;60
"0.50.050.025";0.5;43;0.05;0.025;55;3;57
"0.50.050.025";0.5;44;0.05;0.025;60;0;60
"0.50.050.025";0.5;45;0.05;0.025;51;3;57
"0.50.050.025";0.5;46;0.05;0.025;55;4;56
"0.50.050.025";0.5;47;0.05;0.025;54;4;56
"0.50.050.025";0.5;48;0.05;0.025;54;5;55
"0.50.050.025";0.5;49;0.05;0.025;53;1;59
"0.50.050.025";0.5;50;0.05;0.025;55;5;55
"0.50.050.025";0.5;51;0.05;0.025;57;2;58
"0.50.050.025";0.5;52;0.05;0.025;41;5;55
"0.50.050.025";0.5;53;0.05;0.025;58;0;60
"0.50.050.025";0.5;54;0.05;0.025;55;4;56
"0.50.050.025";0.5;55;0.05;0.025;49;4;56
"0.50.050.025";0.5;56;0.05;0.025;57;0;60
"0.50.050.025";0.5;57;0.05;0.025;58;1;59
"0.50.050.025";0.5;58;0.05;0.025;54;2;58
"0.50.050.025";0.5;59;0.05;0.025;58;0;60
"0.50.050.025";0.5;60;0.05;0.025;41;16;44
"0.50.050.025";0.5;61;0.05;0.025;56;1;59
"0.50.050.025";0.5;62;0.05;0.025;57;0;60
"0.50.050.025";0.5;63;0.05;0.025;55;3;57
"0.50.050.025";0.5;64;0.05;0.025;52;5;55
"0.50.050.025";0.5;65;0.05;0.025;54;2;58
"0.50.050.025";0.5;66;0.05;0.025;49;5;55
"0.50.050.025";0.5;67;0.05;0.025;57;2;58
"0.50.050.025";0.5;68;0.05;0.025;33;9;51
"0.50.050.025";0.5;69;0.05;0.025;60;0;60
"0.50.050.025";0.5;70;0.05;0.025;31;17;43
"0.50.050.025";0.5;71;0.05;0.025;56;3;57
"0.50.050.025";0.5;72;0.05;0.025;59;0;60
"0.50.050.025";0.5;73;0.05;0.025;44;5;55
"0.50.050.025";0.5;74;0.05;0.025;58;2;58
"0.50.050.025";0.5;75;0.05;0.025;60;0;60
"0.50.050.025";0.5;76;0.05;0.025;42;2;58
"0.50.050.025";0.5;77;0.05;0.025;57;1;59
"0.50.050.025";0.5;78;0.05;0.025;53;7;53
"0.50.050.025";0.5;79;0.05;0.025;55;2;58
"0.50.050.025";0.5;80;0.05;0.025;59;0;60
"0.50.050.025";0.5;81;0.05;0.025;50;8;52
"0.50.050.025";0.5;82;0.05;0.025;58;1;59
"0.50.050.025";0.5;83;0.05;0.025;51;7;53
"0.50.050.025";0.5;84;0.05;0.025;55;2;58
"0.50.050.025";0.5;85;0.05;0.025;57;2;58
"0.50.050.025";0.5;86;0.05;0.025;53;4;56
"0.50.050.025";0.5;87;0.05;0.025;56;2;58
"0.50.050.025";0.5;88;0.05;0.025;55;3;57
"0.50.050.025";0.5;89;0.05;0.025;53;3;57
"0.50.050.025";0.5;90;0.05;0.025;57;3;57
"0.50.050.025";0.5;91;0.05;0.025;60;0;60
"0.50.050.025";0.5;92;0.05;0.025;59;0;60
"0.50.050.025";0.5;93;0.05;0.025;58;2;58
"0.50.050.025";0.5;94;0.05;0.025;50;2;58
"0.50.050.025";0.5;95;0.05;0.025;56;4;56
"0.50.050.025";0.5;96;0.05;0.025;57;1;59
"0.50.050.025";0.5;97;0.05;0.025;51;4;56
"0.50.050.025";0.5;98;0.05;0.025;58;2;58
"0.50.050.025";0.5;99;0.05;0.025;58;1;59
"0.50.050.025";0.5;100;0.05;0.025;54;5;55
"0.50.050.05";0.5;1;0.05;0.05;36;12;48
"0.50.050.05";0.5;2;0.05;0.05;47;7;53
"0.50.050.05";0.5;3;0.05;0.05;45;11;49
"0.50.050.05";0.5;4;0.05;0.05;51;8;52
"0.50.050.05";0.5;5;0.05;0.05;40;9;51
"0.50.050.05";0.5;6;0.05;0.05;51;2;58
"0.50.050.05";0.5;7;0.05;0.05;43;12;48
"0.50.050.05";0.5;8;0.05;0.05;51;5;55
"0.50.050.05";0.5;9;0.05;0.05;7;42;18
"0.50.050.05";0.5;10;0.05;0.05;54;1;59
"0.50.050.05";0.5;11;0.05;0.05;46;3;57
"0.50.050.05";0.5;12;0.05;0.05;39;4;56
"0.50.050.05";0.5;13;0.05;0.05;43;8;52
"0.50.050.05";0.5;14;0.05;0.05;52;3;57
"0.50.050.05";0.5;15;0.05;0.05;40;10;50
"0.50.050.05";0.5;16;0.05;0.05;41;12;48
"0.50.050.05";0.5;17;0.05;0.05;44;8;52
"0.50.050.05";0.5;18;0.05;0.05;31;19;41
"0.50.050.05";0.5;19;0.05;0.05;24;21;39
"0.50.050.05";0.5;20;0.05;0.05;34;15;45
"0.50.050.05";0.5;21;0.05;0.05;49;4;56
"0.50.050.05";0.5;22;0.05;0.05;36;14;46
"0.50.050.05";0.5;23;0.05;0.05;35;8;52
"0.50.050.05";0.5;24;0.05;0.05;38;12;48
"0.50.050.05";0.5;25;0.05;0.05;33;10;50
"0.50.050.05";0.5;26;0.05;0.05;18;12;48
"0.50.050.05";0.5;27;0.05;0.05;39;12;48
"0.50.050.05";0.5;28;0.05;0.05;53;1;59
"0.50.050.05";0.5;29;0.05;0.05;43;4;56
"0.50.050.05";0.5;30;0.05;0.05;37;11;49
"0.50.050.05";0.5;31;0.05;0.05;35;18;42
"0.50.050.05";0.5;32;0.05;0.05;51;7;53
"0.50.050.05";0.5;33;0.05;0.05;56;3;57
"0.50.050.05";0.5;34;0.05;0.05;37;10;50
"0.50.050.05";0.5;35;0.05;0.05;8;31;29
"0.50.050.05";0.5;36;0.05;0.05;51;1;59
"0.50.050.05";0.5;37;0.05;0.05;50;7;53
"0.50.050.05";0.5;38;0.05;0.05;17;21;39
"0.50.050.05";0.5;39;0.05;0.05;42;15;45
"0.50.050.05";0.5;40;0.05;0.05;32;9;51
"0.50.050.05";0.5;41;0.05;0.05;12;25;35
"0.50.050.05";0.5;42;0.05;0.05;32;10;50
"0.50.050.05";0.5;43;0.05;0.05;39;14;46
"0.50.050.05";0.5;44;0.05;0.05;55;3;57
"0.50.050.05";0.5;45;0.05;0.05;53;3;57
"0.50.050.05";0.5;46;0.05;0.05;25;27;33
"0.50.050.05";0.5;47;0.05;0.05;53;5;55
"0.50.050.05";0.5;48;0.05;0.05;26;19;41
"0.50.050.05";0.5;49;0.05;0.05;38;12;48
"0.50.050.05";0.5;50;0.05;0.05;23;19;41
"0.50.050.05";0.5;51;0.05;0.05;38;13;47
"0.50.050.05";0.5;52;0.05;0.05;40;15;45
"0.50.050.05";0.5;53;0.05;0.05;39;15;45
"0.50.050.05";0.5;54;0.05;0.05;31;21;39
"0.50.050.05";0.5;55;0.05;0.05;22;20;40
"0.50.050.05";0.5;56;0.05;0.05;48;5;55
"0.50.050.05";0.5;57;0.05;0.05;47;3;57
"0.50.050.05";0.5;58;0.05;0.05;43;5;55
"0.50.050.05";0.5;59;0.05;0.05;13;22;38
"0.50.050.05";0.5;60;0.05;0.05;52;4;56
"0.50.050.05";0.5;61;0.05;0.05;22;11;49
"0.50.050.05";0.5;62;0.05;0.05;30;16;44
"0.50.050.05";0.5;63;0.05;0.05;55;3;57
"0.50.050.05";0.5;64;0.05;0.05;46;9;51
"0.50.050.05";0.5;65;0.05;0.05;27;19;41
"0.50.050.05";0.5;66;0.05;0.05;38;15;45
"0.50.050.05";0.5;67;0.05;0.05;46;9;51
"0.50.050.05";0.5;68;0.05;0.05;51;3;57
"0.50.050.05";0.5;69;0.05;0.05;50;4;56
"0.50.050.05";0.5;70;0.05;0.05;45;10;50
"0.50.050.05";0.5;71;0.05;0.05;47;7;53
"0.50.050.05";0.5;72;0.05;0.05;33;20;40
"0.50.050.05";0.5;73;0.05;0.05;7;22;38
"0.50.050.05";0.5;74;0.05;0.05;38;14;46
"0.50.050.05";0.5;75;0.05;0.05;23;17;43
"0.50.050.05";0.5;76;0.05;0.05;48;4;56
"0.50.050.05";0.5;77;0.05;0.05;39;10;50
"0.50.050.05";0.5;78;0.05;0.05;50;4;56
"0.50.050.05";0.5;79;0.05;0.05;47;7;53
"0.50.050.05";0.5;80;0.05;0.05;49;7;53
"0.50.050.05";0.5;81;0.05;0.05;36;14;46
"0.50.050.05";0.5;82;0.05;0.05;24;17;43
"0.50.050.05";0.5;83;0.05;0.05;43;9;51
"0.50.050.05";0.5;84;0.05;0.05;50;7;53
"0.50.050.05";0.5;85;0.05;0.05;58;0;60
"0.50.050.05";0.5;86;0.05;0.05;52;1;59
"0.50.050.05";0.5;87;0.05;0.05;41;5;55
"0.50.050.05";0.5;88;0.05;0.05;49;9;51
"0.50.050.05";0.5;89;0.05;0.05;45;11;49
"0.50.050.05";0.5;90;0.05;0.05;49;5;55
"0.50.050.05";0.5;91;0.05;0.05;56;2;58
"0.50.050.05";0.5;92;0.05;0.05;33;17;43
"0.50.050.05";0.5;93;0.05;0.05;47;9;51
"0.50.050.05";0.5;94;0.05;0.05;35;11;49
"0.50.050.05";0.5;95;0.05;0.05;18;20;40
"0.50.050.05";0.5;96;0.05;0.05;46;6;54
"0.50.050.05";0.5;97;0.05;0.05;50;9;51
"0.50.050.05";0.5;98;0.05;0.05;45;10;50
"0.50.050.05";0.5;99;0.05;0.05;54;3;57
"0.50.050.05";0.5;100;0.05;0.05;16;24;36
"0.50.050.1";0.5;1;0.05;0.1;33;15;45
"0.50.050.1";0.5;2;0.05;0.1;20;13;47
"0.50.050.1";0.5;3;0.05;0.1;17;24;36
"0.50.050.1";0.5;4;0.05;0.1;12;21;39
"0.50.050.1";0.5;5;0.05;0.1;26;17;43
"0.50.050.1";0.5;6;0.05;0.1;12;19;41
"0.50.050.1";0.5;7;0.05;0.1;12;24;36
"0.50.050.1";0.5;8;0.05;0.1;17;19;41
"0.50.050.1";0.5;9;0.05;0.1;29;16;44
"0.50.050.1";0.5;10;0.05;0.1;18;18;42
"0.50.050.1";0.5;11;0.05;0.1;17;21;39
"0.50.050.1";0.5;12;0.05;0.1;33;9;51
"0.50.050.1";0.5;13;0.05;0.1;24;16;44
"0.50.050.1";0.5;14;0.05;0.1;23;24;36
"0.50.050.1";0.5;15;0.05;0.1;13;20;40
"0.50.050.1";0.5;16;0.05;0.1;23;15;45
"0.50.050.1";0.5;17;0.05;0.1;23;10;50
"0.50.050.1";0.5;18;0.05;0.1;27;16;44
"0.50.050.1";0.5;19;0.05;0.1;28;12;48
"0.50.050.1";0.5;20;0.05;0.1;27;13;47
"0.50.050.1";0.5;21;0.05;0.1;29;12;48
"0.50.050.1";0.5;22;0.05;0.1;22;16;44
"0.50.050.1";0.5;23;0.05;0.1;8;18;42
"0.50.050.1";0.5;24;0.05;0.1;16;30;30
"0.50.050.1";0.5;25;0.05;0.1;20;21;39
"0.50.050.1";0.5;26;0.05;0.1;38;10;50
"0.50.050.1";0.5;27;0.05;0.1;9;24;36
"0.50.050.1";0.5;28;0.05;0.1;20;18;42
"0.50.050.1";0.5;29;0.05;0.1;9;28;32
"0.50.050.1";0.5;30;0.05;0.1;14;20;40
"0.50.050.1";0.5;31;0.05;0.1;19;11;49
"0.50.050.1";0.5;32;0.05;0.1;16;22;38
"0.50.050.1";0.5;33;0.05;0.1;15;30;30
"0.50.050.1";0.5;34;0.05;0.1;7;24;36
"0.50.050.1";0.5;35;0.05;0.1;8;25;35
"0.50.050.1";0.5;36;0.05;0.1;24;17;43
"0.50.050.1";0.5;37;0.05;0.1;28;17;43
"0.50.050.1";0.5;38;0.05;0.1;21;24;36
"0.50.050.1";0.5;39;0.05;0.1;22;22;38
"0.50.050.1";0.5;40;0.05;0.1;21;23;37
"0.50.050.1";0.5;41;0.05;0.1;19;25;35
"0.50.050.1";0.5;42;0.05;0.1;17;20;40
"0.50.050.1";0.5;43;0.05;0.1;26;13;47
"0.50.050.1";0.5;44;0.05;0.1;4;37;23
"0.50.050.1";0.5;45;0.05;0.1;11;18;42
"0.50.050.1";0.5;46;0.05;0.1;9;11;49
"0.50.050.1";0.5;47;0.05;0.1;15;23;37
"0.50.050.1";0.5;48;0.05;0.1;12;22;38
"0.50.050.1";0.5;49;0.05;0.1;12;24;36
"0.50.050.1";0.5;50;0.05;0.1;20;18;42
"0.50.050.1";0.5;51;0.05;0.1;11;25;35
"0.50.050.1";0.5;52;0.05;0.1;24;18;42
"0.50.050.1";0.5;53;0.05;0.1;21;17;43
"0.50.050.1";0.5;54;0.05;0.1;33;16;44
"0.50.050.1";0.5;55;0.05;0.1;24;16;44
"0.50.050.1";0.5;56;0.05;0.1;5;34;26
"0.50.050.1";0.5;57;0.05;0.1;11;19;41
"0.50.050.1";0.5;58;0.05;0.1;21;15;45
"0.50.050.1";0.5;59;0.05;0.1;23;19;41
"0.50.050.1";0.5;60;0.05;0.1;18;22;38
"0.50.050.1";0.5;61;0.05;0.1;28;17;43
"0.50.050.1";0.5;62;0.05;0.1;27;12;48
"0.50.050.1";0.5;63;0.05;0.1;26;16;44
"0.50.050.1";0.5;64;0.05;0.1;18;23;37
"0.50.050.1";0.5;65;0.05;0.1;15;20;40
"0.50.050.1";0.5;66;0.05;0.1;9;19;41
"0.50.050.1";0.5;67;0.05;0.1;11;26;34
"0.50.050.1";0.5;68;0.05;0.1;14;23;37
"0.50.050.1";0.5;69;0.05;0.1;9;15;45
"0.50.050.1";0.5;70;0.05;0.1;21;22;38
"0.50.050.1";0.5;71;0.05;0.1;14;16;44
"0.50.050.1";0.5;72;0.05;0.1;12;19;41
"0.50.050.1";0.5;73;0.05;0.1;18;26;34
"0.50.050.1";0.5;74;0.05;0.1;17;22;38
"0.50.050.1";0.5;75;0.05;0.1;3;29;31
"0.50.050.1";0.5;76;0.05;0.1;11;20;40
"0.50.050.1";0.5;77;0.05;0.1;34;13;47
"0.50.050.1";0.5;78;0.05;0.1;24;14;46
"0.50.050.1";0.5;79;0.05;0.1;11;25;35
"0.50.050.1";0.5;80;0.05;0.1;5;34;26
"0.50.050.1";0.5;81;0.05;0.1;12;19;41
"0.50.050.1";0.5;82;0.05;0.1;7;24;36
"0.50.050.1";0.5;83;0.05;0.1;15;24;36
"0.50.050.1";0.5;84;0.05;0.1;12;32;28
"0.50.050.1";0.5;85;0.05;0.1;13;24;36
"0.50.050.1";0.5;86;0.05;0.1;14;17;43
"0.50.050.1";0.5;87;0.05;0.1;9;17;43
"0.50.050.1";0.5;88;0.05;0.1;6;35;25
"0.50.050.1";0.5;89;0.05;0.1;14;20;40
"0.50.050.1";0.5;90;0.05;0.1;31;11;49
"0.50.050.1";0.5;91;0.05;0.1;20;19;41
"0.50.050.1";0.5;92;0.05;0.1;6;23;37
"0.50.050.1";0.5;93;0.05;0.1;26;8;52
"0.50.050.1";0.5;94;0.05;0.1;12;23;37
"0.50.050.1";0.5;95;0.05;0.1;20;16;44
"0.50.050.1";0.5;96;0.05;0.1;5;29;31
"0.50.050.1";0.5;97;0.05;0.1;6;20;40
"0.50.050.1";0.5;98;0.05;0.1;7;14;46
"0.50.050.1";0.5;99;0.05;0.1;24;16;44
"0.50.050.1";0.5;100;0.05;0.1;11;24;36
"0.50.10.0125";0.5;1;0.1;0.0125;60;0;60
"0.50.10.0125";0.5;2;0.1;0.0125;60;0;60
"0.50.10.0125";0.5;3;0.1;0.0125;59;0;60
"0.50.10.0125";0.5;4;0.1;0.0125;60;0;60
"0.50.10.0125";0.5;5;0.1;0.0125;60;0;60
"0.50.10.0125";0.5;6;0.1;0.0125;60;0;60
"0.50.10.0125";0.5;7;0.1;0.0125;60;0;60
"0.50.10.0125";0.5;8;0.1;0.0125;60;0;60
"0.50.10.0125";0.5;9;0.1;0.0125;60;0;60
"0.50.10.0125";0.5;10;0.1;0.0125;60;0;60
"0.50.10.0125";0.5;11;0.1;0.0125;60;0;60
"0.50.10.0125";0.5;12;0.1;0.0125;60;0;60
"0.50.10.0125";0.5;13;0.1;0.0125;60;0;60
"0.50.10.0125";0.5;14;0.1;0.0125;58;0;60
"0.50.10.0125";0.5;15;0.1;0.0125;60;0;60
"0.50.10.0125";0.5;16;0.1;0.0125;60;0;60
"0.50.10.0125";0.5;17;0.1;0.0125;60;0;60
"0.50.10.0125";0.5;18;0.1;0.0125;60;0;60
"0.50.10.0125";0.5;19;0.1;0.0125;60;0;60
"0.50.10.0125";0.5;20;0.1;0.0125;60;0;60
"0.50.10.0125";0.5;21;0.1;0.0125;60;0;60
"0.50.10.0125";0.5;22;0.1;0.0125;60;0;60
"0.50.10.0125";0.5;23;0.1;0.0125;60;0;60
"0.50.10.0125";0.5;24;0.1;0.0125;60;0;60
"0.50.10.0125";0.5;25;0.1;0.0125;60;0;60
"0.50.10.0125";0.5;26;0.1;0.0125;60;0;60
"0.50.10.0125";0.5;27;0.1;0.0125;60;0;60
"0.50.10.0125";0.5;28;0.1;0.0125;60;0;60
"0.50.10.0125";0.5;29;0.1;0.0125;60;0;60
"0.50.10.0125";0.5;30;0.1;0.0125;60;0;60
"0.50.10.0125";0.5;31;0.1;0.0125;60;0;60
"0.50.10.0125";0.5;32;0.1;0.0125;60;0;60
"0.50.10.0125";0.5;33;0.1;0.0125;60;0;60
"0.50.10.0125";0.5;34;0.1;0.0125;60;0;60
"0.50.10.0125";0.5;35;0.1;0.0125;60;0;60
"0.50.10.0125";0.5;36;0.1;0.0125;60;0;60
"0.50.10.0125";0.5;37;0.1;0.0125;60;0;60
"0.50.10.0125";0.5;38;0.1;0.0125;60;0;60
"0.50.10.0125";0.5;39;0.1;0.0125;60;0;60
"0.50.10.0125";0.5;40;0.1;0.0125;60;0;60
"0.50.10.0125";0.5;41;0.1;0.0125;59;0;60
"0.50.10.0125";0.5;42;0.1;0.0125;60;0;60
"0.50.10.0125";0.5;43;0.1;0.0125;60;0;60
"0.50.10.0125";0.5;44;0.1;0.0125;60;0;60
"0.50.10.0125";0.5;45;0.1;0.0125;60;0;60
"0.50.10.0125";0.5;46;0.1;0.0125;60;0;60
"0.50.10.0125";0.5;47;0.1;0.0125;60;0;60
"0.50.10.0125";0.5;48;0.1;0.0125;60;0;60
"0.50.10.0125";0.5;49;0.1;0.0125;60;0;60
"0.50.10.0125";0.5;50;0.1;0.0125;60;0;60
"0.50.10.0125";0.5;51;0.1;0.0125;60;0;60
"0.50.10.0125";0.5;52;0.1;0.0125;60;0;60
"0.50.10.0125";0.5;53;0.1;0.0125;60;0;60
"0.50.10.0125";0.5;54;0.1;0.0125;60;0;60
"0.50.10.0125";0.5;55;0.1;0.0125;60;0;60
"0.50.10.0125";0.5;56;0.1;0.0125;60;0;60
"0.50.10.0125";0.5;57;0.1;0.0125;60;0;60
"0.50.10.0125";0.5;58;0.1;0.0125;59;1;59
"0.50.10.0125";0.5;59;0.1;0.0125;60;0;60
"0.50.10.0125";0.5;60;0.1;0.0125;60;0;60
"0.50.10.0125";0.5;61;0.1;0.0125;60;0;60
"0.50.10.0125";0.5;62;0.1;0.0125;60;0;60
"0.50.10.0125";0.5;63;0.1;0.0125;60;0;60
"0.50.10.0125";0.5;64;0.1;0.0125;60;0;60
"0.50.10.0125";0.5;65;0.1;0.0125;60;0;60
"0.50.10.0125";0.5;66;0.1;0.0125;60;0;60
"0.50.10.0125";0.5;67;0.1;0.0125;60;0;60
"0.50.10.0125";0.5;68;0.1;0.0125;60;0;60
"0.50.10.0125";0.5;69;0.1;0.0125;60;0;60
"0.50.10.0125";0.5;70;0.1;0.0125;60;0;60
"0.50.10.0125";0.5;71;0.1;0.0125;60;0;60
"0.50.10.0125";0.5;72;0.1;0.0125;60;0;60
"0.50.10.0125";0.5;73;0.1;0.0125;60;0;60
"0.50.10.0125";0.5;74;0.1;0.0125;60;0;60
"0.50.10.0125";0.5;75;0.1;0.0125;60;0;60
"0.50.10.0125";0.5;76;0.1;0.0125;60;0;60
"0.50.10.0125";0.5;77;0.1;0.0125;60;0;60
"0.50.10.0125";0.5;78;0.1;0.0125;60;0;60
"0.50.10.0125";0.5;79;0.1;0.0125;60;0;60
"0.50.10.0125";0.5;80;0.1;0.0125;60;0;60
"0.50.10.0125";0.5;81;0.1;0.0125;60;0;60
"0.50.10.0125";0.5;82;0.1;0.0125;60;0;60
"0.50.10.0125";0.5;83;0.1;0.0125;60;0;60
"0.50.10.0125";0.5;84;0.1;0.0125;60;0;60
"0.50.10.0125";0.5;85;0.1;0.0125;60;0;60
"0.50.10.0125";0.5;86;0.1;0.0125;60;0;60
"0.50.10.0125";0.5;87;0.1;0.0125;60;0;60
"0.50.10.0125";0.5;88;0.1;0.0125;60;0;60
"0.50.10.0125";0.5;89;0.1;0.0125;60;0;60
"0.50.10.0125";0.5;90;0.1;0.0125;60;0;60
"0.50.10.0125";0.5;91;0.1;0.0125;60;0;60
"0.50.10.0125";0.5;92;0.1;0.0125;60;0;60
"0.50.10.0125";0.5;93;0.1;0.0125;60;0;60
"0.50.10.0125";0.5;94;0.1;0.0125;60;0;60
"0.50.10.0125";0.5;95;0.1;0.0125;60;0;60
"0.50.10.0125";0.5;96;0.1;0.0125;60;0;60
"0.50.10.0125";0.5;97;0.1;0.0125;60;0;60
"0.50.10.0125";0.5;98;0.1;0.0125;60;0;60
"0.50.10.0125";0.5;99;0.1;0.0125;60;0;60
"0.50.10.0125";0.5;100;0.1;0.0125;60;0;60
"0.50.10.025";0.5;1;0.1;0.025;60;0;60
"0.50.10.025";0.5;2;0.1;0.025;60;0;60
"0.50.10.025";0.5;3;0.1;0.025;60;0;60
"0.50.10.025";0.5;4;0.1;0.025;59;1;59
"0.50.10.025";0.5;5;0.1;0.025;60;0;60
"0.50.10.025";0.5;6;0.1;0.025;58;0;60
"0.50.10.025";0.5;7;0.1;0.025;58;2;58
"0.50.10.025";0.5;8;0.1;0.025;59;1;59
"0.50.10.025";0.5;9;0.1;0.025;58;0;60
"0.50.10.025";0.5;10;0.1;0.025;59;0;60
"0.50.10.025";0.5;11;0.1;0.025;59;0;60
"0.50.10.025";0.5;12;0.1;0.025;60;0;60
"0.50.10.025";0.5;13;0.1;0.025;55;4;56
"0.50.10.025";0.5;14;0.1;0.025;56;4;56
"0.50.10.025";0.5;15;0.1;0.025;60;0;60
"0.50.10.025";0.5;16;0.1;0.025;60;0;60
"0.50.10.025";0.5;17;0.1;0.025;60;0;60
"0.50.10.025";0.5;18;0.1;0.025;60;0;60
"0.50.10.025";0.5;19;0.1;0.025;60;0;60
"0.50.10.025";0.5;20;0.1;0.025;60;0;60
"0.50.10.025";0.5;21;0.1;0.025;58;1;59
"0.50.10.025";0.5;22;0.1;0.025;60;0;60
"0.50.10.025";0.5;23;0.1;0.025;60;0;60
"0.50.10.025";0.5;24;0.1;0.025;59;1;59
"0.50.10.025";0.5;25;0.1;0.025;59;1;59
"0.50.10.025";0.5;26;0.1;0.025;60;0;60
"0.50.10.025";0.5;27;0.1;0.025;60;0;60
"0.50.10.025";0.5;28;0.1;0.025;60;0;60
"0.50.10.025";0.5;29;0.1;0.025;60;0;60
"0.50.10.025";0.5;30;0.1;0.025;60;0;60
"0.50.10.025";0.5;31;0.1;0.025;59;1;59
"0.50.10.025";0.5;32;0.1;0.025;60;0;60
"0.50.10.025";0.5;33;0.1;0.025;60;0;60
"0.50.10.025";0.5;34;0.1;0.025;59;1;59
"0.50.10.025";0.5;35;0.1;0.025;60;0;60
"0.50.10.025";0.5;36;0.1;0.025;59;0;60
"0.50.10.025";0.5;37;0.1;0.025;58;1;59
"0.50.10.025";0.5;38;0.1;0.025;59;1;59
"0.50.10.025";0.5;39;0.1;0.025;60;0;60
"0.50.10.025";0.5;40;0.1;0.025;60;0;60
"0.50.10.025";0.5;41;0.1;0.025;58;2;58
"0.50.10.025";0.5;42;0.1;0.025;56;2;58
"0.50.10.025";0.5;43;0.1;0.025;59;0;60
"0.50.10.025";0.5;44;0.1;0.025;59;0;60
"0.50.10.025";0.5;45;0.1;0.025;57;3;57
"0.50.10.025";0.5;46;0.1;0.025;60;0;60
"0.50.10.025";0.5;47;0.1;0.025;53;2;58
"0.50.10.025";0.5;48;0.1;0.025;60;0;60
"0.50.10.025";0.5;49;0.1;0.025;59;1;59
"0.50.10.025";0.5;50;0.1;0.025;50;4;56
"0.50.10.025";0.5;51;0.1;0.025;57;1;59
"0.50.10.025";0.5;52;0.1;0.025;60;0;60
"0.50.10.025";0.5;53;0.1;0.025;60;0;60
"0.50.10.025";0.5;54;0.1;0.025;59;1;59
"0.50.10.025";0.5;55;0.1;0.025;59;0;60
"0.50.10.025";0.5;56;0.1;0.025;59;0;60
"0.50.10.025";0.5;57;0.1;0.025;60;0;60
"0.50.10.025";0.5;58;0.1;0.025;60;0;60
"0.50.10.025";0.5;59;0.1;0.025;60;0;60
"0.50.10.025";0.5;60;0.1;0.025;60;0;60
"0.50.10.025";0.5;61;0.1;0.025;59;1;59
"0.50.10.025";0.5;62;0.1;0.025;60;0;60
"0.50.10.025";0.5;63;0.1;0.025;58;1;59
"0.50.10.025";0.5;64;0.1;0.025;60;0;60
"0.50.10.025";0.5;65;0.1;0.025;59;0;60
"0.50.10.025";0.5;66;0.1;0.025;60;0;60
"0.50.10.025";0.5;67;0.1;0.025;60;0;60
"0.50.10.025";0.5;68;0.1;0.025;60;0;60
"0.50.10.025";0.5;69;0.1;0.025;59;1;59
"0.50.10.025";0.5;70;0.1;0.025;60;0;60
"0.50.10.025";0.5;71;0.1;0.025;60;0;60
"0.50.10.025";0.5;72;0.1;0.025;59;1;59
"0.50.10.025";0.5;73;0.1;0.025;60;0;60
"0.50.10.025";0.5;74;0.1;0.025;58;0;60
"0.50.10.025";0.5;75;0.1;0.025;59;1;59
"0.50.10.025";0.5;76;0.1;0.025;60;0;60
"0.50.10.025";0.5;77;0.1;0.025;45;7;53
"0.50.10.025";0.5;78;0.1;0.025;60;0;60
"0.50.10.025";0.5;79;0.1;0.025;58;2;58
"0.50.10.025";0.5;80;0.1;0.025;60;0;60
"0.50.10.025";0.5;81;0.1;0.025;60;0;60
"0.50.10.025";0.5;82;0.1;0.025;60;0;60
"0.50.10.025";0.5;83;0.1;0.025;60;0;60
"0.50.10.025";0.5;84;0.1;0.025;59;1;59
"0.50.10.025";0.5;85;0.1;0.025;60;0;60
"0.50.10.025";0.5;86;0.1;0.025;60;0;60
"0.50.10.025";0.5;87;0.1;0.025;60;0;60
"0.50.10.025";0.5;88;0.1;0.025;60;0;60
"0.50.10.025";0.5;89;0.1;0.025;60;0;60
"0.50.10.025";0.5;90;0.1;0.025;59;1;59
"0.50.10.025";0.5;91;0.1;0.025;58;2;58
"0.50.10.025";0.5;92;0.1;0.025;59;0;60
"0.50.10.025";0.5;93;0.1;0.025;59;0;60
"0.50.10.025";0.5;94;0.1;0.025;57;2;58
"0.50.10.025";0.5;95;0.1;0.025;60;0;60
"0.50.10.025";0.5;96;0.1;0.025;57;0;60
"0.50.10.025";0.5;97;0.1;0.025;60;0;60
"0.50.10.025";0.5;98;0.1;0.025;59;0;60
"0.50.10.025";0.5;99;0.1;0.025;57;3;57
"0.50.10.025";0.5;100;0.1;0.025;59;1;59
"0.50.10.05";0.5;1;0.1;0.05;60;0;60
"0.50.10.05";0.5;2;0.1;0.05;51;2;58
"0.50.10.05";0.5;3;0.1;0.05;54;4;56
"0.50.10.05";0.5;4;0.1;0.05;52;2;58
"0.50.10.05";0.5;5;0.1;0.05;53;4;56
"0.50.10.05";0.5;6;0.1;0.05;53;3;57
"0.50.10.05";0.5;7;0.1;0.05;59;0;60
"0.50.10.05";0.5;8;0.1;0.05;56;4;56
"0.50.10.05";0.5;9;0.1;0.05;57;2;58
"0.50.10.05";0.5;10;0.1;0.05;51;5;55
"0.50.10.05";0.5;11;0.1;0.05;56;1;59
"0.50.10.05";0.5;12;0.1;0.05;59;0;60
"0.50.10.05";0.5;13;0.1;0.05;37;9;51
"0.50.10.05";0.5;14;0.1;0.05;53;2;58
"0.50.10.05";0.5;15;0.1;0.05;48;12;48
"0.50.10.05";0.5;16;0.1;0.05;57;3;57
"0.50.10.05";0.5;17;0.1;0.05;44;7;53
"0.50.10.05";0.5;18;0.1;0.05;50;2;58
"0.50.10.05";0.5;19;0.1;0.05;47;4;56
"0.50.10.05";0.5;20;0.1;0.05;56;4;56
"0.50.10.05";0.5;21;0.1;0.05;45;10;50
"0.50.10.05";0.5;22;0.1;0.05;59;1;59
"0.50.10.05";0.5;23;0.1;0.05;48;8;52
"0.50.10.05";0.5;24;0.1;0.05;57;0;60
"0.50.10.05";0.5;25;0.1;0.05;59;0;60
"0.50.10.05";0.5;26;0.1;0.05;57;1;59
"0.50.10.05";0.5;27;0.1;0.05;57;2;58
"0.50.10.05";0.5;28;0.1;0.05;55;4;56
"0.50.10.05";0.5;29;0.1;0.05;58;1;59
"0.50.10.05";0.5;30;0.1;0.05;57;1;59
"0.50.10.05";0.5;31;0.1;0.05;51;2;58
"0.50.10.05";0.5;32;0.1;0.05;54;4;56
"0.50.10.05";0.5;33;0.1;0.05;57;1;59
"0.50.10.05";0.5;34;0.1;0.05;48;9;51
"0.50.10.05";0.5;35;0.1;0.05;60;0;60
"0.50.10.05";0.5;36;0.1;0.05;52;2;58
"0.50.10.05";0.5;37;0.1;0.05;56;2;58
"0.50.10.05";0.5;38;0.1;0.05;56;1;59
"0.50.10.05";0.5;39;0.1;0.05;52;7;53
"0.50.10.05";0.5;40;0.1;0.05;37;14;46
"0.50.10.05";0.5;41;0.1;0.05;56;3;57
"0.50.10.05";0.5;42;0.1;0.05;60;0;60
"0.50.10.05";0.5;43;0.1;0.05;53;2;58
"0.50.10.05";0.5;44;0.1;0.05;55;4;56
"0.50.10.05";0.5;45;0.1;0.05;45;10;50
"0.50.10.05";0.5;46;0.1;0.05;60;0;60
"0.50.10.05";0.5;47;0.1;0.05;59;0;60
"0.50.10.05";0.5;48;0.1;0.05;51;6;54
"0.50.10.05";0.5;49;0.1;0.05;59;1;59
"0.50.10.05";0.5;50;0.1;0.05;54;1;59
"0.50.10.05";0.5;51;0.1;0.05;60;0;60
"0.50.10.05";0.5;52;0.1;0.05;44;8;52
"0.50.10.05";0.5;53;0.1;0.05;54;5;55
"0.50.10.05";0.5;54;0.1;0.05;57;1;59
"0.50.10.05";0.5;55;0.1;0.05;52;4;56
"0.50.10.05";0.5;56;0.1;0.05;60;0;60
"0.50.10.05";0.5;57;0.1;0.05;57;2;58
"0.50.10.05";0.5;58;0.1;0.05;54;2;58
"0.50.10.05";0.5;59;0.1;0.05;46;13;47
"0.50.10.05";0.5;60;0.1;0.05;60;0;60
"0.50.10.05";0.5;61;0.1;0.05;55;3;57
"0.50.10.05";0.5;62;0.1;0.05;57;1;59
"0.50.10.05";0.5;63;0.1;0.05;59;0;60
"0.50.10.05";0.5;64;0.1;0.05;59;0;60
"0.50.10.05";0.5;65;0.1;0.05;49;4;56
"0.50.10.05";0.5;66;0.1;0.05;59;1;59
"0.50.10.05";0.5;67;0.1;0.05;50;5;55
"0.50.10.05";0.5;68;0.1;0.05;53;3;57
"0.50.10.05";0.5;69;0.1;0.05;53;2;58
"0.50.10.05";0.5;70;0.1;0.05;55;3;57
"0.50.10.05";0.5;71;0.1;0.05;50;3;57
"0.50.10.05";0.5;72;0.1;0.05;47;5;55
"0.50.10.05";0.5;73;0.1;0.05;55;3;57
"0.50.10.05";0.5;74;0.1;0.05;58;0;60
"0.50.10.05";0.5;75;0.1;0.05;59;0;60
"0.50.10.05";0.5;76;0.1;0.05;53;4;56
"0.50.10.05";0.5;77;0.1;0.05;53;4;56
"0.50.10.05";0.5;78;0.1;0.05;57;2;58
"0.50.10.05";0.5;79;0.1;0.05;50;6;54
"0.50.10.05";0.5;80;0.1;0.05;58;0;60
"0.50.10.05";0.5;81;0.1;0.05;59;0;60
"0.50.10.05";0.5;82;0.1;0.05;59;0;60
"0.50.10.05";0.5;83;0.1;0.05;47;7;53
"0.50.10.05";0.5;84;0.1;0.05;57;1;59
"0.50.10.05";0.5;85;0.1;0.05;49;5;55
"0.50.10.05";0.5;86;0.1;0.05;51;2;58
"0.50.10.05";0.5;87;0.1;0.05;56;2;58
"0.50.10.05";0.5;88;0.1;0.05;56;2;58
"0.50.10.05";0.5;89;0.1;0.05;58;2;58
"0.50.10.05";0.5;90;0.1;0.05;53;3;57
"0.50.10.05";0.5;91;0.1;0.05;58;1;59
"0.50.10.05";0.5;92;0.1;0.05;52;3;57
"0.50.10.05";0.5;93;0.1;0.05;60;0;60
"0.50.10.05";0.5;94;0.1;0.05;47;1;59
"0.50.10.05";0.5;95;0.1;0.05;41;10;50
"0.50.10.05";0.5;96;0.1;0.05;56;1;59
"0.50.10.05";0.5;97;0.1;0.05;43;9;51
"0.50.10.05";0.5;98;0.1;0.05;52;3;57
"0.50.10.05";0.5;99;0.1;0.05;59;1;59
"0.50.10.05";0.5;100;0.1;0.05;57;1;59
"0.50.10.1";0.5;1;0.1;0.1;38;14;46
"0.50.10.1";0.5;2;0.1;0.1;46;5;55
"0.50.10.1";0.5;3;0.1;0.1;36;11;49
"0.50.10.1";0.5;4;0.1;0.1;41;4;56
"0.50.10.1";0.5;5;0.1;0.1;42;5;55
"0.50.10.1";0.5;6;0.1;0.1;49;1;59
"0.50.10.1";0.5;7;0.1;0.1;52;5;55
"0.50.10.1";0.5;8;0.1;0.1;26;20;40
"0.50.10.1";0.5;9;0.1;0.1;32;4;56
"0.50.10.1";0.5;10;0.1;0.1;37;7;53
"0.50.10.1";0.5;11;0.1;0.1;37;10;50
"0.50.10.1";0.5;12;0.1;0.1;32;13;47
"0.50.10.1";0.5;13;0.1;0.1;37;12;48
"0.50.10.1";0.5;14;0.1;0.1;39;3;57
"0.50.10.1";0.5;15;0.1;0.1;49;3;57
"0.50.10.1";0.5;16;0.1;0.1;36;11;49
"0.50.10.1";0.5;17;0.1;0.1;53;2;58
"0.50.10.1";0.5;18;0.1;0.1;43;5;55
"0.50.10.1";0.5;19;0.1;0.1;35;13;47
"0.50.10.1";0.5;20;0.1;0.1;48;3;57
"0.50.10.1";0.5;21;0.1;0.1;17;24;36
"0.50.10.1";0.5;22;0.1;0.1;46;7;53
"0.50.10.1";0.5;23;0.1;0.1;49;7;53
"0.50.10.1";0.5;24;0.1;0.1;38;10;50
"0.50.10.1";0.5;25;0.1;0.1;44;8;52
"0.50.10.1";0.5;26;0.1;0.1;35;7;53
"0.50.10.1";0.5;27;0.1;0.1;25;13;47
"0.50.10.1";0.5;28;0.1;0.1;37;16;44
"0.50.10.1";0.5;29;0.1;0.1;42;11;49
"0.50.10.1";0.5;30;0.1;0.1;38;8;52
"0.50.10.1";0.5;31;0.1;0.1;39;4;56
"0.50.10.1";0.5;32;0.1;0.1;30;14;46
"0.50.10.1";0.5;33;0.1;0.1;53;0;60
"0.50.10.1";0.5;34;0.1;0.1;34;13;47
"0.50.10.1";0.5;35;0.1;0.1;38;8;52
"0.50.10.1";0.5;36;0.1;0.1;36;5;55
"0.50.10.1";0.5;37;0.1;0.1;28;13;47
"0.50.10.1";0.5;38;0.1;0.1;35;14;46
"0.50.10.1";0.5;39;0.1;0.1;45;9;51
"0.50.10.1";0.5;40;0.1;0.1;32;18;42
"0.50.10.1";0.5;41;0.1;0.1;39;7;53
"0.50.10.1";0.5;42;0.1;0.1;33;17;43
"0.50.10.1";0.5;43;0.1;0.1;44;9;51
"0.50.10.1";0.5;44;0.1;0.1;36;12;48
"0.50.10.1";0.5;45;0.1;0.1;48;4;56
"0.50.10.1";0.5;46;0.1;0.1;33;11;49
"0.50.10.1";0.5;47;0.1;0.1;47;3;57
"0.50.10.1";0.5;48;0.1;0.1;41;4;56
"0.50.10.1";0.5;49;0.1;0.1;48;3;57
"0.50.10.1";0.5;50;0.1;0.1;34;12;48
"0.50.10.1";0.5;51;0.1;0.1;37;7;53
"0.50.10.1";0.5;52;0.1;0.1;37;8;52
"0.50.10.1";0.5;53;0.1;0.1;46;4;56
"0.50.10.1";0.5;54;0.1;0.1;46;7;53
"0.50.10.1";0.5;55;0.1;0.1;25;18;42
"0.50.10.1";0.5;56;0.1;0.1;31;12;48
"0.50.10.1";0.5;57;0.1;0.1;37;10;50
"0.50.10.1";0.5;58;0.1;0.1;25;11;49
"0.50.10.1";0.5;59;0.1;0.1;35;11;49
"0.50.10.1";0.5;60;0.1;0.1;30;13;47
"0.50.10.1";0.5;61;0.1;0.1;24;15;45
"0.50.10.1";0.5;62;0.1;0.1;49;5;55
"0.50.10.1";0.5;63;0.1;0.1;49;4;56
"0.50.10.1";0.5;64;0.1;0.1;36;11;49
"0.50.10.1";0.5;65;0.1;0.1;37;8;52
"0.50.10.1";0.5;66;0.1;0.1;26;19;41
"0.50.10.1";0.5;67;0.1;0.1;30;14;46
"0.50.10.1";0.5;68;0.1;0.1;41;10;50
"0.50.10.1";0.5;69;0.1;0.1;46;5;55
"0.50.10.1";0.5;70;0.1;0.1;34;14;46
"0.50.10.1";0.5;71;0.1;0.1;25;17;43
"0.50.10.1";0.5;72;0.1;0.1;50;5;55
"0.50.10.1";0.5;73;0.1;0.1;13;18;42
"0.50.10.1";0.5;74;0.1;0.1;45;5;55
"0.50.10.1";0.5;75;0.1;0.1;41;7;53
"0.50.10.1";0.5;76;0.1;0.1;41;5;55
"0.50.10.1";0.5;77;0.1;0.1;48;5;55
"0.50.10.1";0.5;78;0.1;0.1;47;7;53
"0.50.10.1";0.5;79;0.1;0.1;33;9;51
"0.50.10.1";0.5;80;0.1;0.1;45;3;57
"0.50.10.1";0.5;81;0.1;0.1;48;7;53
"0.50.10.1";0.5;82;0.1;0.1;44;8;52
"0.50.10.1";0.5;83;0.1;0.1;42;6;54
"0.50.10.1";0.5;84;0.1;0.1;36;10;50
"0.50.10.1";0.5;85;0.1;0.1;39;12;48
"0.50.10.1";0.5;86;0.1;0.1;45;9;51
"0.50.10.1";0.5;87;0.1;0.1;21;17;43
"0.50.10.1";0.5;88;0.1;0.1;21;22;38
"0.50.10.1";0.5;89;0.1;0.1;13;18;42
"0.50.10.1";0.5;90;0.1;0.1;50;3;57
"0.50.10.1";0.5;91;0.1;0.1;53;3;57
"0.50.10.1";0.5;92;0.1;0.1;17;15;45
"0.50.10.1";0.5;93;0.1;0.1;46;3;57
"0.50.10.1";0.5;94;0.1;0.1;22;13;47
"0.50.10.1";0.5;95;0.1;0.1;38;5;55
"0.50.10.1";0.5;96;0.1;0.1;15;15;45
"0.50.10.1";0.5;97;0.1;0.1;37;10;50
"0.50.10.1";0.5;98;0.1;0.1;47;7;53
"0.50.10.1";0.5;99;0.1;0.1;48;6;54
"0.50.10.1";0.5;100;0.1;0.1;41;9;51
"0.50.20.0125";0.5;1;0.2;0.0125;60;0;60
"0.50.20.0125";0.5;2;0.2;0.0125;60;0;60
"0.50.20.0125";0.5;3;0.2;0.0125;59;0;60
"0.50.20.0125";0.5;4;0.2;0.0125;60;0;60
"0.50.20.0125";0.5;5;0.2;0.0125;60;0;60
"0.50.20.0125";0.5;6;0.2;0.0125;60;0;60
"0.50.20.0125";0.5;7;0.2;0.0125;60;0;60
"0.50.20.0125";0.5;8;0.2;0.0125;60;0;60
"0.50.20.0125";0.5;9;0.2;0.0125;60;0;60
"0.50.20.0125";0.5;10;0.2;0.0125;60;0;60
"0.50.20.0125";0.5;11;0.2;0.0125;60;0;60
"0.50.20.0125";0.5;12;0.2;0.0125;60;0;60
"0.50.20.0125";0.5;13;0.2;0.0125;60;0;60
"0.50.20.0125";0.5;14;0.2;0.0125;54;2;58
"0.50.20.0125";0.5;15;0.2;0.0125;60;0;60
"0.50.20.0125";0.5;16;0.2;0.0125;60;0;60
"0.50.20.0125";0.5;17;0.2;0.0125;60;0;60
"0.50.20.0125";0.5;18;0.2;0.0125;60;0;60
"0.50.20.0125";0.5;19;0.2;0.0125;60;0;60
"0.50.20.0125";0.5;20;0.2;0.0125;60;0;60
"0.50.20.0125";0.5;21;0.2;0.0125;60;0;60
"0.50.20.0125";0.5;22;0.2;0.0125;60;0;60
"0.50.20.0125";0.5;23;0.2;0.0125;60;0;60
"0.50.20.0125";0.5;24;0.2;0.0125;60;0;60
"0.50.20.0125";0.5;25;0.2;0.0125;60;0;60
"0.50.20.0125";0.5;26;0.2;0.0125;60;0;60
"0.50.20.0125";0.5;27;0.2;0.0125;60;0;60
"0.50.20.0125";0.5;28;0.2;0.0125;60;0;60
"0.50.20.0125";0.5;29;0.2;0.0125;60;0;60
"0.50.20.0125";0.5;30;0.2;0.0125;60;0;60
"0.50.20.0125";0.5;31;0.2;0.0125;60;0;60
"0.50.20.0125";0.5;32;0.2;0.0125;60;0;60
"0.50.20.0125";0.5;33;0.2;0.0125;60;0;60
"0.50.20.0125";0.5;34;0.2;0.0125;60;0;60
"0.50.20.0125";0.5;35;0.2;0.0125;60;0;60
"0.50.20.0125";0.5;36;0.2;0.0125;60;0;60
"0.50.20.0125";0.5;37;0.2;0.0125;60;0;60
"0.50.20.0125";0.5;38;0.2;0.0125;60;0;60
"0.50.20.0125";0.5;39;0.2;0.0125;60;0;60
"0.50.20.0125";0.5;40;0.2;0.0125;60;0;60
"0.50.20.0125";0.5;41;0.2;0.0125;60;0;60
"0.50.20.0125";0.5;42;0.2;0.0125;60;0;60
"0.50.20.0125";0.5;43;0.2;0.0125;60;0;60
"0.50.20.0125";0.5;44;0.2;0.0125;60;0;60
"0.50.20.0125";0.5;45;0.2;0.0125;60;0;60
"0.50.20.0125";0.5;46;0.2;0.0125;60;0;60
"0.50.20.0125";0.5;47;0.2;0.0125;60;0;60
"0.50.20.0125";0.5;48;0.2;0.0125;60;0;60
"0.50.20.0125";0.5;49;0.2;0.0125;60;0;60
"0.50.20.0125";0.5;50;0.2;0.0125;60;0;60
"0.50.20.0125";0.5;51;0.2;0.0125;60;0;60
"0.50.20.0125";0.5;52;0.2;0.0125;60;0;60
"0.50.20.0125";0.5;53;0.2;0.0125;60;0;60
"0.50.20.0125";0.5;54;0.2;0.0125;60;0;60
"0.50.20.0125";0.5;55;0.2;0.0125;60;0;60
"0.50.20.0125";0.5;56;0.2;0.0125;60;0;60
"0.50.20.0125";0.5;57;0.2;0.0125;60;0;60
"0.50.20.0125";0.5;58;0.2;0.0125;60;0;60
"0.50.20.0125";0.5;59;0.2;0.0125;60;0;60
"0.50.20.0125";0.5;60;0.2;0.0125;60;0;60
"0.50.20.0125";0.5;61;0.2;0.0125;60;0;60
"0.50.20.0125";0.5;62;0.2;0.0125;60;0;60
"0.50.20.0125";0.5;63;0.2;0.0125;60;0;60
"0.50.20.0125";0.5;64;0.2;0.0125;60;0;60
"0.50.20.0125";0.5;65;0.2;0.0125;60;0;60
"0.50.20.0125";0.5;66;0.2;0.0125;60;0;60
"0.50.20.0125";0.5;67;0.2;0.0125;60;0;60
"0.50.20.0125";0.5;68;0.2;0.0125;60;0;60
"0.50.20.0125";0.5;69;0.2;0.0125;60;0;60
"0.50.20.0125";0.5;70;0.2;0.0125;60;0;60
"0.50.20.0125";0.5;71;0.2;0.0125;60;0;60
"0.50.20.0125";0.5;72;0.2;0.0125;60;0;60
"0.50.20.0125";0.5;73;0.2;0.0125;59;0;60
"0.50.20.0125";0.5;74;0.2;0.0125;60;0;60
"0.50.20.0125";0.5;75;0.2;0.0125;60;0;60
"0.50.20.0125";0.5;76;0.2;0.0125;60;0;60
"0.50.20.0125";0.5;77;0.2;0.0125;60;0;60
"0.50.20.0125";0.5;78;0.2;0.0125;60;0;60
"0.50.20.0125";0.5;79;0.2;0.0125;60;0;60
"0.50.20.0125";0.5;80;0.2;0.0125;60;0;60
"0.50.20.0125";0.5;81;0.2;0.0125;60;0;60
"0.50.20.0125";0.5;82;0.2;0.0125;60;0;60
"0.50.20.0125";0.5;83;0.2;0.0125;60;0;60
"0.50.20.0125";0.5;84;0.2;0.0125;60;0;60
"0.50.20.0125";0.5;85;0.2;0.0125;60;0;60
"0.50.20.0125";0.5;86;0.2;0.0125;60;0;60
"0.50.20.0125";0.5;87;0.2;0.0125;60;0;60
"0.50.20.0125";0.5;88;0.2;0.0125;60;0;60
"0.50.20.0125";0.5;89;0.2;0.0125;60;0;60
"0.50.20.0125";0.5;90;0.2;0.0125;60;0;60
"0.50.20.0125";0.5;91;0.2;0.0125;60;0;60
"0.50.20.0125";0.5;92;0.2;0.0125;60;0;60
"0.50.20.0125";0.5;93;0.2;0.0125;60;0;60
"0.50.20.0125";0.5;94;0.2;0.0125;60;0;60
"0.50.20.0125";0.5;95;0.2;0.0125;60;0;60
"0.50.20.0125";0.5;96;0.2;0.0125;60;0;60
"0.50.20.0125";0.5;97;0.2;0.0125;60;0;60
"0.50.20.0125";0.5;98;0.2;0.0125;60;0;60
"0.50.20.0125";0.5;99;0.2;0.0125;60;0;60
"0.50.20.0125";0.5;100;0.2;0.0125;60;0;60
"0.50.20.025";0.5;1;0.2;0.025;60;0;60
"0.50.20.025";0.5;2;0.2;0.025;59;0;60
"0.50.20.025";0.5;3;0.2;0.025;60;0;60
"0.50.20.025";0.5;4;0.2;0.025;59;1;59
"0.50.20.025";0.5;5;0.2;0.025;59;1;59
"0.50.20.025";0.5;6;0.2;0.025;60;0;60
"0.50.20.025";0.5;7;0.2;0.025;60;0;60
"0.50.20.025";0.5;8;0.2;0.025;57;2;58
"0.50.20.025";0.5;9;0.2;0.025;59;0;60
"0.50.20.025";0.5;10;0.2;0.025;60;0;60
"0.50.20.025";0.5;11;0.2;0.025;60;0;60
"0.50.20.025";0.5;12;0.2;0.025;59;0;60
"0.50.20.025";0.5;13;0.2;0.025;60;0;60
"0.50.20.025";0.5;14;0.2;0.025;60;0;60
"0.50.20.025";0.5;15;0.2;0.025;60;0;60
"0.50.20.025";0.5;16;0.2;0.025;60;0;60
"0.50.20.025";0.5;17;0.2;0.025;60;0;60
"0.50.20.025";0.5;18;0.2;0.025;58;1;59
"0.50.20.025";0.5;19;0.2;0.025;60;0;60
"0.50.20.025";0.5;20;0.2;0.025;60;0;60
"0.50.20.025";0.5;21;0.2;0.025;60;0;60
"0.50.20.025";0.5;22;0.2;0.025;60;0;60
"0.50.20.025";0.5;23;0.2;0.025;60;0;60
"0.50.20.025";0.5;24;0.2;0.025;58;1;59
"0.50.20.025";0.5;25;0.2;0.025;58;1;59
"0.50.20.025";0.5;26;0.2;0.025;60;0;60
"0.50.20.025";0.5;27;0.2;0.025;58;0;60
"0.50.20.025";0.5;28;0.2;0.025;57;1;59
"0.50.20.025";0.5;29;0.2;0.025;60;0;60
"0.50.20.025";0.5;30;0.2;0.025;59;0;60
"0.50.20.025";0.5;31;0.2;0.025;60;0;60
"0.50.20.025";0.5;32;0.2;0.025;60;0;60
"0.50.20.025";0.5;33;0.2;0.025;60;0;60
"0.50.20.025";0.5;34;0.2;0.025;60;0;60
"0.50.20.025";0.5;35;0.2;0.025;59;1;59
"0.50.20.025";0.5;36;0.2;0.025;60;0;60
"0.50.20.025";0.5;37;0.2;0.025;60;0;60
"0.50.20.025";0.5;38;0.2;0.025;59;0;60
"0.50.20.025";0.5;39;0.2;0.025;60;0;60
"0.50.20.025";0.5;40;0.2;0.025;60;0;60
"0.50.20.025";0.5;41;0.2;0.025;60;0;60
"0.50.20.025";0.5;42;0.2;0.025;59;1;59
"0.50.20.025";0.5;43;0.2;0.025;60;0;60
"0.50.20.025";0.5;44;0.2;0.025;60;0;60
"0.50.20.025";0.5;45;0.2;0.025;60;0;60
"0.50.20.025";0.5;46;0.2;0.025;59;0;60
"0.50.20.025";0.5;47;0.2;0.025;60;0;60
"0.50.20.025";0.5;48;0.2;0.025;58;0;60
"0.50.20.025";0.5;49;0.2;0.025;58;0;60
"0.50.20.025";0.5;50;0.2;0.025;60;0;60
"0.50.20.025";0.5;51;0.2;0.025;60;0;60
"0.50.20.025";0.5;52;0.2;0.025;60;0;60
"0.50.20.025";0.5;53;0.2;0.025;60;0;60
"0.50.20.025";0.5;54;0.2;0.025;59;0;60
"0.50.20.025";0.5;55;0.2;0.025;60;0;60
"0.50.20.025";0.5;56;0.2;0.025;60;0;60
"0.50.20.025";0.5;57;0.2;0.025;60;0;60
"0.50.20.025";0.5;58;0.2;0.025;60;0;60
"0.50.20.025";0.5;59;0.2;0.025;60;0;60
"0.50.20.025";0.5;60;0.2;0.025;60;0;60
"0.50.20.025";0.5;61;0.2;0.025;59;0;60
"0.50.20.025";0.5;62;0.2;0.025;60;0;60
"0.50.20.025";0.5;63;0.2;0.025;60;0;60
"0.50.20.025";0.5;64;0.2;0.025;60;0;60
"0.50.20.025";0.5;65;0.2;0.025;60;0;60
"0.50.20.025";0.5;66;0.2;0.025;59;0;60
"0.50.20.025";0.5;67;0.2;0.025;60;0;60
"0.50.20.025";0.5;68;0.2;0.025;60;0;60
"0.50.20.025";0.5;69;0.2;0.025;60;0;60
"0.50.20.025";0.5;70;0.2;0.025;60;0;60
"0.50.20.025";0.5;71;0.2;0.025;60;0;60
"0.50.20.025";0.5;72;0.2;0.025;60;0;60
"0.50.20.025";0.5;73;0.2;0.025;60;0;60
"0.50.20.025";0.5;74;0.2;0.025;59;1;59
"0.50.20.025";0.5;75;0.2;0.025;60;0;60
"0.50.20.025";0.5;76;0.2;0.025;60;0;60
"0.50.20.025";0.5;77;0.2;0.025;60;0;60
"0.50.20.025";0.5;78;0.2;0.025;60;0;60
"0.50.20.025";0.5;79;0.2;0.025;58;2;58
"0.50.20.025";0.5;80;0.2;0.025;57;1;59
"0.50.20.025";0.5;81;0.2;0.025;59;0;60
"0.50.20.025";0.5;82;0.2;0.025;60;0;60
"0.50.20.025";0.5;83;0.2;0.025;60;0;60
"0.50.20.025";0.5;84;0.2;0.025;60;0;60
"0.50.20.025";0.5;85;0.2;0.025;60;0;60
"0.50.20.025";0.5;86;0.2;0.025;60;0;60
"0.50.20.025";0.5;87;0.2;0.025;60;0;60
"0.50.20.025";0.5;88;0.2;0.025;59;1;59
"0.50.20.025";0.5;89;0.2;0.025;59;1;59
"0.50.20.025";0.5;90;0.2;0.025;60;0;60
"0.50.20.025";0.5;91;0.2;0.025;60;0;60
"0.50.20.025";0.5;92;0.2;0.025;60;0;60
"0.50.20.025";0.5;93;0.2;0.025;60;0;60
"0.50.20.025";0.5;94;0.2;0.025;60;0;60
"0.50.20.025";0.5;95;0.2;0.025;60;0;60
"0.50.20.025";0.5;96;0.2;0.025;60;0;60
"0.50.20.025";0.5;97;0.2;0.025;60;0;60
"0.50.20.025";0.5;98;0.2;0.025;60;0;60
"0.50.20.025";0.5;99;0.2;0.025;60;0;60
"0.50.20.025";0.5;100;0.2;0.025;60;0;60
"0.50.20.05";0.5;1;0.2;0.05;59;1;59
"0.50.20.05";0.5;2;0.2;0.05;60;0;60
"0.50.20.05";0.5;3;0.2;0.05;59;0;60
"0.50.20.05";0.5;4;0.2;0.05;40;8;52
"0.50.20.05";0.5;5;0.2;0.05;52;6;54
"0.50.20.05";0.5;6;0.2;0.05;54;4;56
"0.50.20.05";0.5;7;0.2;0.05;59;1;59
"0.50.20.05";0.5;8;0.2;0.05;58;1;59
"0.50.20.05";0.5;9;0.2;0.05;36;8;52
"0.50.20.05";0.5;10;0.2;0.05;60;0;60
"0.50.20.05";0.5;11;0.2;0.05;56;0;60
"0.50.20.05";0.5;12;0.2;0.05;60;0;60
"0.50.20.05";0.5;13;0.2;0.05;54;4;56
"0.50.20.05";0.5;14;0.2;0.05;59;1;59
"0.50.20.05";0.5;15;0.2;0.05;52;5;55
"0.50.20.05";0.5;16;0.2;0.05;56;1;59
"0.50.20.05";0.5;17;0.2;0.05;60;0;60
"0.50.20.05";0.5;18;0.2;0.05;59;1;59
"0.50.20.05";0.5;19;0.2;0.05;56;1;59
"0.50.20.05";0.5;20;0.2;0.05;60;0;60
"0.50.20.05";0.5;21;0.2;0.05;48;3;57
"0.50.20.05";0.5;22;0.2;0.05;59;0;60
"0.50.20.05";0.5;23;0.2;0.05;56;3;57
"0.50.20.05";0.5;24;0.2;0.05;46;4;56
"0.50.20.05";0.5;25;0.2;0.05;60;0;60
"0.50.20.05";0.5;26;0.2;0.05;58;0;60
"0.50.20.05";0.5;27;0.2;0.05;60;0;60
"0.50.20.05";0.5;28;0.2;0.05;58;1;59
"0.50.20.05";0.5;29;0.2;0.05;56;2;58
"0.50.20.05";0.5;30;0.2;0.05;57;0;60
"0.50.20.05";0.5;31;0.2;0.05;59;0;60
"0.50.20.05";0.5;32;0.2;0.05;59;0;60
"0.50.20.05";0.5;33;0.2;0.05;54;3;57
"0.50.20.05";0.5;34;0.2;0.05;52;3;57
"0.50.20.05";0.5;35;0.2;0.05;60;0;60
"0.50.20.05";0.5;36;0.2;0.05;58;0;60
"0.50.20.05";0.5;37;0.2;0.05;50;5;55
"0.50.20.05";0.5;38;0.2;0.05;60;0;60
"0.50.20.05";0.5;39;0.2;0.05;52;0;60
"0.50.20.05";0.5;40;0.2;0.05;56;1;59
"0.50.20.05";0.5;41;0.2;0.05;60;0;60
"0.50.20.05";0.5;42;0.2;0.05;60;0;60
"0.50.20.05";0.5;43;0.2;0.05;45;9;51
"0.50.20.05";0.5;44;0.2;0.05;50;7;53
"0.50.20.05";0.5;45;0.2;0.05;57;2;58
"0.50.20.05";0.5;46;0.2;0.05;60;0;60
"0.50.20.05";0.5;47;0.2;0.05;58;1;59
"0.50.20.05";0.5;48;0.2;0.05;59;0;60
"0.50.20.05";0.5;49;0.2;0.05;60;0;60
"0.50.20.05";0.5;50;0.2;0.05;59;0;60
"0.50.20.05";0.5;51;0.2;0.05;41;5;55
"0.50.20.05";0.5;52;0.2;0.05;59;1;59
"0.50.20.05";0.5;53;0.2;0.05;53;2;58
"0.50.20.05";0.5;54;0.2;0.05;59;0;60
"0.50.20.05";0.5;55;0.2;0.05;57;0;60
"0.50.20.05";0.5;56;0.2;0.05;58;0;60
"0.50.20.05";0.5;57;0.2;0.05;58;0;60
"0.50.20.05";0.5;58;0.2;0.05;60;0;60
"0.50.20.05";0.5;59;0.2;0.05;57;3;57
"0.50.20.05";0.5;60;0.2;0.05;58;0;60
"0.50.20.05";0.5;61;0.2;0.05;53;4;56
"0.50.20.05";0.5;62;0.2;0.05;59;0;60
"0.50.20.05";0.5;63;0.2;0.05;51;4;56
"0.50.20.05";0.5;64;0.2;0.05;59;1;59
"0.50.20.05";0.5;65;0.2;0.05;59;0;60
"0.50.20.05";0.5;66;0.2;0.05;54;3;57
"0.50.20.05";0.5;67;0.2;0.05;52;2;58
"0.50.20.05";0.5;68;0.2;0.05;57;0;60
"0.50.20.05";0.5;69;0.2;0.05;60;0;60
"0.50.20.05";0.5;70;0.2;0.05;60;0;60
"0.50.20.05";0.5;71;0.2;0.05;57;1;59
"0.50.20.05";0.5;72;0.2;0.05;60;0;60
"0.50.20.05";0.5;73;0.2;0.05;54;2;58
"0.50.20.05";0.5;74;0.2;0.05;60;0;60
"0.50.20.05";0.5;75;0.2;0.05;60;0;60
"0.50.20.05";0.5;76;0.2;0.05;55;2;58
"0.50.20.05";0.5;77;0.2;0.05;59;0;60
"0.50.20.05";0.5;78;0.2;0.05;53;3;57
"0.50.20.05";0.5;79;0.2;0.05;59;1;59
"0.50.20.05";0.5;80;0.2;0.05;59;0;60
"0.50.20.05";0.5;81;0.2;0.05;59;0;60
"0.50.20.05";0.5;82;0.2;0.05;60;0;60
"0.50.20.05";0.5;83;0.2;0.05;59;1;59
"0.50.20.05";0.5;84;0.2;0.05;57;0;60
"0.50.20.05";0.5;85;0.2;0.05;60;0;60
"0.50.20.05";0.5;86;0.2;0.05;53;2;58
"0.50.20.05";0.5;87;0.2;0.05;55;1;59
"0.50.20.05";0.5;88;0.2;0.05;60;0;60
"0.50.20.05";0.5;89;0.2;0.05;55;3;57
"0.50.20.05";0.5;90;0.2;0.05;59;0;60
"0.50.20.05";0.5;91;0.2;0.05;58;0;60
"0.50.20.05";0.5;92;0.2;0.05;60;0;60
"0.50.20.05";0.5;93;0.2;0.05;59;0;60
"0.50.20.05";0.5;94;0.2;0.05;60;0;60
"0.50.20.05";0.5;95;0.2;0.05;54;2;58
"0.50.20.05";0.5;96;0.2;0.05;52;4;56
"0.50.20.05";0.5;97;0.2;0.05;59;1;59
"0.50.20.05";0.5;98;0.2;0.05;60;0;60
"0.50.20.05";0.5;99;0.2;0.05;53;1;59
"0.50.20.05";0.5;100;0.2;0.05;58;0;60
"0.50.20.1";0.5;1;0.2;0.1;48;2;58
"0.50.20.1";0.5;2;0.2;0.1;49;4;56
"0.50.20.1";0.5;3;0.2;0.1;43;3;57
"0.50.20.1";0.5;4;0.2;0.1;51;3;57
"0.50.20.1";0.5;5;0.2;0.1;37;4;56
"0.50.20.1";0.5;6;0.2;0.1;56;0;60
"0.50.20.1";0.5;7;0.2;0.1;46;5;55
"0.50.20.1";0.5;8;0.2;0.1;52;4;56
"0.50.20.1";0.5;9;0.2;0.1;52;4;56
"0.50.20.1";0.5;10;0.2;0.1;49;4;56
"0.50.20.1";0.5;11;0.2;0.1;39;8;52
"0.50.20.1";0.5;12;0.2;0.1;54;1;59
"0.50.20.1";0.5;13;0.2;0.1;57;1;59
"0.50.20.1";0.5;14;0.2;0.1;34;6;54
"0.50.20.1";0.5;15;0.2;0.1;48;4;56
"0.50.20.1";0.5;16;0.2;0.1;45;3;57
"0.50.20.1";0.5;17;0.2;0.1;58;0;60
"0.50.20.1";0.5;18;0.2;0.1;45;4;56
"0.50.20.1";0.5;19;0.2;0.1;40;11;49
"0.50.20.1";0.5;20;0.2;0.1;30;10;50
"0.50.20.1";0.5;21;0.2;0.1;52;5;55
"0.50.20.1";0.5;22;0.2;0.1;44;4;56
"0.50.20.1";0.5;23;0.2;0.1;47;4;56
"0.50.20.1";0.5;24;0.2;0.1;49;6;54
"0.50.20.1";0.5;25;0.2;0.1;50;5;55
"0.50.20.1";0.5;26;0.2;0.1;41;5;55
"0.50.20.1";0.5;27;0.2;0.1;55;2;58
"0.50.20.1";0.5;28;0.2;0.1;43;2;58
"0.50.20.1";0.5;29;0.2;0.1;31;4;56
"0.50.20.1";0.5;30;0.2;0.1;56;0;60
"0.50.20.1";0.5;31;0.2;0.1;46;5;55
"0.50.20.1";0.5;32;0.2;0.1;45;9;51
"0.50.20.1";0.5;33;0.2;0.1;50;5;55
"0.50.20.1";0.5;34;0.2;0.1;51;2;58
"0.50.20.1";0.5;35;0.2;0.1;40;12;48
"0.50.20.1";0.5;36;0.2;0.1;41;6;54
"0.50.20.1";0.5;37;0.2;0.1;40;5;55
"0.50.20.1";0.5;38;0.2;0.1;45;7;53
"0.50.20.1";0.5;39;0.2;0.1;45;4;56
"0.50.20.1";0.5;40;0.2;0.1;32;7;53
"0.50.20.1";0.5;41;0.2;0.1;46;0;60
"0.50.20.1";0.5;42;0.2;0.1;52;2;58
"0.50.20.1";0.5;43;0.2;0.1;53;4;56
"0.50.20.1";0.5;44;0.2;0.1;52;2;58
"0.50.20.1";0.5;45;0.2;0.1;50;2;58
"0.50.20.1";0.5;46;0.2;0.1;51;0;60
"0.50.20.1";0.5;47;0.2;0.1;48;6;54
"0.50.20.1";0.5;48;0.2;0.1;20;12;48
"0.50.20.1";0.5;49;0.2;0.1;53;3;57
"0.50.20.1";0.5;50;0.2;0.1;53;1;59
"0.50.20.1";0.5;51;0.2;0.1;26;7;53
"0.50.20.1";0.5;52;0.2;0.1;48;6;54
"0.50.20.1";0.5;53;0.2;0.1;46;5;55
"0.50.20.1";0.5;54;0.2;0.1;47;6;54
"0.50.20.1";0.5;55;0.2;0.1;32;14;46
"0.50.20.1";0.5;56;0.2;0.1;41;7;53
"0.50.20.1";0.5;57;0.2;0.1;33;15;45
"0.50.20.1";0.5;58;0.2;0.1;51;4;56
"0.50.20.1";0.5;59;0.2;0.1;51;4;56
"0.50.20.1";0.5;60;0.2;0.1;51;2;58
"0.50.20.1";0.5;61;0.2;0.1;49;9;51
"0.50.20.1";0.5;62;0.2;0.1;51;0;60
"0.50.20.1";0.5;63;0.2;0.1;42;10;50
"0.50.20.1";0.5;64;0.2;0.1;45;1;59
"0.50.20.1";0.5;65;0.2;0.1;47;4;56
"0.50.20.1";0.5;66;0.2;0.1;51;4;56
"0.50.20.1";0.5;67;0.2;0.1;49;5;55
"0.50.20.1";0.5;68;0.2;0.1;38;9;51
"0.50.20.1";0.5;69;0.2;0.1;44;8;52
"0.50.20.1";0.5;70;0.2;0.1;44;8;52
"0.50.20.1";0.5;71;0.2;0.1;41;9;51
"0.50.20.1";0.5;72;0.2;0.1;51;1;59
"0.50.20.1";0.5;73;0.2;0.1;38;10;50
"0.50.20.1";0.5;74;0.2;0.1;43;8;52
"0.50.20.1";0.5;75;0.2;0.1;48;3;57
"0.50.20.1";0.5;76;0.2;0.1;51;6;54
"0.50.20.1";0.5;77;0.2;0.1;49;4;56
"0.50.20.1";0.5;78;0.2;0.1;50;3;57
"0.50.20.1";0.5;79;0.2;0.1;45;3;57
"0.50.20.1";0.5;80;0.2;0.1;46;4;56
"0.50.20.1";0.5;81;0.2;0.1;50;4;56
"0.50.20.1";0.5;82;0.2;0.1;41;9;51
"0.50.20.1";0.5;83;0.2;0.1;51;3;57
"0.50.20.1";0.5;84;0.2;0.1;48;6;54
"0.50.20.1";0.5;85;0.2;0.1;49;3;57
"0.50.20.1";0.5;86;0.2;0.1;58;0;60
"0.50.20.1";0.5;87;0.2;0.1;48;6;54
"0.50.20.1";0.5;88;0.2;0.1;51;1;59
"0.50.20.1";0.5;89;0.2;0.1;41;11;49
"0.50.20.1";0.5;90;0.2;0.1;54;2;58
"0.50.20.1";0.5;91;0.2;0.1;56;2;58
"0.50.20.1";0.5;92;0.2;0.1;51;2;58
"0.50.20.1";0.5;93;0.2;0.1;46;6;54
"0.50.20.1";0.5;94;0.2;0.1;39;6;54
"0.50.20.1";0.5;95;0.2;0.1;51;5;55
"0.50.20.1";0.5;96;0.2;0.1;52;0;60
"0.50.20.1";0.5;97;0.2;0.1;38;6;54
"0.50.20.1";0.5;98;0.2;0.1;41;5;55
"0.50.20.1";0.5;99;0.2;0.1;45;6;54
"0.50.20.1";0.5;100;0.2;0.1;41;6;54
"0.50.30.0125";0.5;1;0.3;0.0125;59;1;59
"0.50.30.0125";0.5;2;0.3;0.0125;60;0;60
"0.50.30.0125";0.5;3;0.3;0.0125;59;0;60
"0.50.30.0125";0.5;4;0.3;0.0125;58;2;58
"0.50.30.0125";0.5;5;0.3;0.0125;60;0;60
"0.50.30.0125";0.5;6;0.3;0.0125;60;0;60
"0.50.30.0125";0.5;7;0.3;0.0125;60;0;60
"0.50.30.0125";0.5;8;0.3;0.0125;54;3;57
"0.50.30.0125";0.5;9;0.3;0.0125;60;0;60
"0.50.30.0125";0.5;10;0.3;0.0125;60;0;60
"0.50.30.0125";0.5;11;0.3;0.0125;60;0;60
"0.50.30.0125";0.5;12;0.3;0.0125;60;0;60
"0.50.30.0125";0.5;13;0.3;0.0125;60;0;60
"0.50.30.0125";0.5;14;0.3;0.0125;60;0;60
"0.50.30.0125";0.5;15;0.3;0.0125;60;0;60
"0.50.30.0125";0.5;16;0.3;0.0125;60;0;60
"0.50.30.0125";0.5;17;0.3;0.0125;60;0;60
"0.50.30.0125";0.5;18;0.3;0.0125;60;0;60
"0.50.30.0125";0.5;19;0.3;0.0125;60;0;60
"0.50.30.0125";0.5;20;0.3;0.0125;60;0;60
"0.50.30.0125";0.5;21;0.3;0.0125;60;0;60
"0.50.30.0125";0.5;22;0.3;0.0125;60;0;60
"0.50.30.0125";0.5;23;0.3;0.0125;60;0;60
"0.50.30.0125";0.5;24;0.3;0.0125;60;0;60
"0.50.30.0125";0.5;25;0.3;0.0125;60;0;60
"0.50.30.0125";0.5;26;0.3;0.0125;60;0;60
"0.50.30.0125";0.5;27;0.3;0.0125;60;0;60
"0.50.30.0125";0.5;28;0.3;0.0125;60;0;60
"0.50.30.0125";0.5;29;0.3;0.0125;60;0;60
"0.50.30.0125";0.5;30;0.3;0.0125;60;0;60
"0.50.30.0125";0.5;31;0.3;0.0125;59;0;60
"0.50.30.0125";0.5;32;0.3;0.0125;60;0;60
"0.50.30.0125";0.5;33;0.3;0.0125;60;0;60
"0.50.30.0125";0.5;34;0.3;0.0125;60;0;60
"0.50.30.0125";0.5;35;0.3;0.0125;60;0;60
"0.50.30.0125";0.5;36;0.3;0.0125;60;0;60
"0.50.30.0125";0.5;37;0.3;0.0125;60;0;60
"0.50.30.0125";0.5;38;0.3;0.0125;59;1;59
"0.50.30.0125";0.5;39;0.3;0.0125;60;0;60
"0.50.30.0125";0.5;40;0.3;0.0125;60;0;60
"0.50.30.0125";0.5;41;0.3;0.0125;60;0;60
"0.50.30.0125";0.5;42;0.3;0.0125;60;0;60
"0.50.30.0125";0.5;43;0.3;0.0125;60;0;60
"0.50.30.0125";0.5;44;0.3;0.0125;60;0;60
"0.50.30.0125";0.5;45;0.3;0.0125;60;0;60
"0.50.30.0125";0.5;46;0.3;0.0125;60;0;60
"0.50.30.0125";0.5;47;0.3;0.0125;60;0;60
"0.50.30.0125";0.5;48;0.3;0.0125;60;0;60
"0.50.30.0125";0.5;49;0.3;0.0125;60;0;60
"0.50.30.0125";0.5;50;0.3;0.0125;60;0;60
"0.50.30.0125";0.5;51;0.3;0.0125;60;0;60
"0.50.30.0125";0.5;52;0.3;0.0125;60;0;60
"0.50.30.0125";0.5;53;0.3;0.0125;54;2;58
"0.50.30.0125";0.5;54;0.3;0.0125;60;0;60
"0.50.30.0125";0.5;55;0.3;0.0125;54;3;57
"0.50.30.0125";0.5;56;0.3;0.0125;60;0;60
"0.50.30.0125";0.5;57;0.3;0.0125;60;0;60
"0.50.30.0125";0.5;58;0.3;0.0125;60;0;60
"0.50.30.0125";0.5;59;0.3;0.0125;60;0;60
"0.50.30.0125";0.5;60;0.3;0.0125;60;0;60
"0.50.30.0125";0.5;61;0.3;0.0125;59;0;60
"0.50.30.0125";0.5;62;0.3;0.0125;60;0;60
"0.50.30.0125";0.5;63;0.3;0.0125;60;0;60
"0.50.30.0125";0.5;64;0.3;0.0125;60;0;60
"0.50.30.0125";0.5;65;0.3;0.0125;60;0;60
"0.50.30.0125";0.5;66;0.3;0.0125;60;0;60
"0.50.30.0125";0.5;67;0.3;0.0125;59;0;60
"0.50.30.0125";0.5;68;0.3;0.0125;60;0;60
"0.50.30.0125";0.5;69;0.3;0.0125;60;0;60
"0.50.30.0125";0.5;70;0.3;0.0125;58;0;60
"0.50.30.0125";0.5;71;0.3;0.0125;60;0;60
"0.50.30.0125";0.5;72;0.3;0.0125;50;3;57
"0.50.30.0125";0.5;73;0.3;0.0125;60;0;60
"0.50.30.0125";0.5;74;0.3;0.0125;60;0;60
"0.50.30.0125";0.5;75;0.3;0.0125;59;0;60
"0.50.30.0125";0.5;76;0.3;0.0125;60;0;60
"0.50.30.0125";0.5;77;0.3;0.0125;60;0;60
"0.50.30.0125";0.5;78;0.3;0.0125;60;0;60
"0.50.30.0125";0.5;79;0.3;0.0125;60;0;60
"0.50.30.0125";0.5;80;0.3;0.0125;60;0;60
"0.50.30.0125";0.5;81;0.3;0.0125;60;0;60
"0.50.30.0125";0.5;82;0.3;0.0125;60;0;60
"0.50.30.0125";0.5;83;0.3;0.0125;60;0;60
"0.50.30.0125";0.5;84;0.3;0.0125;60;0;60
"0.50.30.0125";0.5;85;0.3;0.0125;60;0;60
"0.50.30.0125";0.5;86;0.3;0.0125;59;0;60
"0.50.30.0125";0.5;87;0.3;0.0125;49;2;58
"0.50.30.0125";0.5;88;0.3;0.0125;57;1;59
"0.50.30.0125";0.5;89;0.3;0.0125;60;0;60
"0.50.30.0125";0.5;90;0.3;0.0125;60;0;60
"0.50.30.0125";0.5;91;0.3;0.0125;60;0;60
"0.50.30.0125";0.5;92;0.3;0.0125;60;0;60
"0.50.30.0125";0.5;93;0.3;0.0125;57;0;60
"0.50.30.0125";0.5;94;0.3;0.0125;60;0;60
"0.50.30.0125";0.5;95;0.3;0.0125;60;0;60
"0.50.30.0125";0.5;96;0.3;0.0125;60;0;60
"0.50.30.0125";0.5;97;0.3;0.0125;60;0;60
"0.50.30.0125";0.5;98;0.3;0.0125;60;0;60
"0.50.30.0125";0.5;99;0.3;0.0125;60;0;60
"0.50.30.0125";0.5;100;0.3;0.0125;60;0;60
"0.50.30.025";0.5;1;0.3;0.025;60;0;60
"0.50.30.025";0.5;2;0.3;0.025;59;0;60
"0.50.30.025";0.5;3;0.3;0.025;60;0;60
"0.50.30.025";0.5;4;0.3;0.025;60;0;60
"0.50.30.025";0.5;5;0.3;0.025;60;0;60
"0.50.30.025";0.5;6;0.3;0.025;59;1;59
"0.50.30.025";0.5;7;0.3;0.025;59;0;60
"0.50.30.025";0.5;8;0.3;0.025;58;1;59
"0.50.30.025";0.5;9;0.3;0.025;60;0;60
"0.50.30.025";0.5;10;0.3;0.025;60;0;60
"0.50.30.025";0.5;11;0.3;0.025;59;0;60
"0.50.30.025";0.5;12;0.3;0.025;60;0;60
"0.50.30.025";0.5;13;0.3;0.025;60;0;60
"0.50.30.025";0.5;14;0.3;0.025;57;0;60
"0.50.30.025";0.5;15;0.3;0.025;48;3;57
"0.50.30.025";0.5;16;0.3;0.025;57;2;58
"0.50.30.025";0.5;17;0.3;0.025;60;0;60
"0.50.30.025";0.5;18;0.3;0.025;60;0;60
"0.50.30.025";0.5;19;0.3;0.025;60;0;60
"0.50.30.025";0.5;20;0.3;0.025;60;0;60
"0.50.30.025";0.5;21;0.3;0.025;55;1;59
"0.50.30.025";0.5;22;0.3;0.025;53;3;57
"0.50.30.025";0.5;23;0.3;0.025;58;0;60
"0.50.30.025";0.5;24;0.3;0.025;60;0;60
"0.50.30.025";0.5;25;0.3;0.025;60;0;60
"0.50.30.025";0.5;26;0.3;0.025;60;0;60
"0.50.30.025";0.5;27;0.3;0.025;56;3;57
"0.50.30.025";0.5;28;0.3;0.025;60;0;60
"0.50.30.025";0.5;29;0.3;0.025;59;1;59
"0.50.30.025";0.5;30;0.3;0.025;59;1;59
"0.50.30.025";0.5;31;0.3;0.025;60;0;60
"0.50.30.025";0.5;32;0.3;0.025;60;0;60
"0.50.30.025";0.5;33;0.3;0.025;56;1;59
"0.50.30.025";0.5;34;0.3;0.025;60;0;60
"0.50.30.025";0.5;35;0.3;0.025;59;0;60
"0.50.30.025";0.5;36;0.3;0.025;60;0;60
"0.50.30.025";0.5;37;0.3;0.025;47;3;57
"0.50.30.025";0.5;38;0.3;0.025;60;0;60
"0.50.30.025";0.5;39;0.3;0.025;50;3;57
"0.50.30.025";0.5;40;0.3;0.025;60;0;60
"0.50.30.025";0.5;41;0.3;0.025;60;0;60
"0.50.30.025";0.5;42;0.3;0.025;60;0;60
"0.50.30.025";0.5;43;0.3;0.025;60;0;60
"0.50.30.025";0.5;44;0.3;0.025;60;0;60
"0.50.30.025";0.5;45;0.3;0.025;60;0;60
"0.50.30.025";0.5;46;0.3;0.025;60;0;60
"0.50.30.025";0.5;47;0.3;0.025;60;0;60
"0.50.30.025";0.5;48;0.3;0.025;58;1;59
"0.50.30.025";0.5;49;0.3;0.025;59;0;60
"0.50.30.025";0.5;50;0.3;0.025;60;0;60
"0.50.30.025";0.5;51;0.3;0.025;59;0;60
"0.50.30.025";0.5;52;0.3;0.025;58;2;58
"0.50.30.025";0.5;53;0.3;0.025;60;0;60
"0.50.30.025";0.5;54;0.3;0.025;58;0;60
"0.50.30.025";0.5;55;0.3;0.025;60;0;60
"0.50.30.025";0.5;56;0.3;0.025;60;0;60
"0.50.30.025";0.5;57;0.3;0.025;60;0;60
"0.50.30.025";0.5;58;0.3;0.025;60;0;60
"0.50.30.025";0.5;59;0.3;0.025;60;0;60
"0.50.30.025";0.5;60;0.3;0.025;60;0;60
"0.50.30.025";0.5;61;0.3;0.025;60;0;60
"0.50.30.025";0.5;62;0.3;0.025;60;0;60
"0.50.30.025";0.5;63;0.3;0.025;59;0;60
"0.50.30.025";0.5;64;0.3;0.025;60;0;60
"0.50.30.025";0.5;65;0.3;0.025;59;0;60
"0.50.30.025";0.5;66;0.3;0.025;57;1;59
"0.50.30.025";0.5;67;0.3;0.025;59;0;60
"0.50.30.025";0.5;68;0.3;0.025;60;0;60
"0.50.30.025";0.5;69;0.3;0.025;60;0;60
"0.50.30.025";0.5;70;0.3;0.025;54;3;57
"0.50.30.025";0.5;71;0.3;0.025;58;0;60
"0.50.30.025";0.5;72;0.3;0.025;60;0;60
"0.50.30.025";0.5;73;0.3;0.025;60;0;60
"0.50.30.025";0.5;74;0.3;0.025;60;0;60
"0.50.30.025";0.5;75;0.3;0.025;60;0;60
"0.50.30.025";0.5;76;0.3;0.025;55;2;58
"0.50.30.025";0.5;77;0.3;0.025;59;0;60
"0.50.30.025";0.5;78;0.3;0.025;60;0;60
"0.50.30.025";0.5;79;0.3;0.025;60;0;60
"0.50.30.025";0.5;80;0.3;0.025;60;0;60
"0.50.30.025";0.5;81;0.3;0.025;60;0;60
"0.50.30.025";0.5;82;0.3;0.025;57;1;59
"0.50.30.025";0.5;83;0.3;0.025;60;0;60
"0.50.30.025";0.5;84;0.3;0.025;60;0;60
"0.50.30.025";0.5;85;0.3;0.025;59;0;60
"0.50.30.025";0.5;86;0.3;0.025;55;2;58
"0.50.30.025";0.5;87;0.3;0.025;59;0;60
"0.50.30.025";0.5;88;0.3;0.025;52;1;59
"0.50.30.025";0.5;89;0.3;0.025;60;0;60
"0.50.30.025";0.5;90;0.3;0.025;60;0;60
"0.50.30.025";0.5;91;0.3;0.025;59;0;60
"0.50.30.025";0.5;92;0.3;0.025;60;0;60
"0.50.30.025";0.5;93;0.3;0.025;58;0;60
"0.50.30.025";0.5;94;0.3;0.025;60;0;60
"0.50.30.025";0.5;95;0.3;0.025;58;0;60
"0.50.30.025";0.5;96;0.3;0.025;60;0;60
"0.50.30.025";0.5;97;0.3;0.025;60;0;60
"0.50.30.025";0.5;98;0.3;0.025;59;1;59
"0.50.30.025";0.5;99;0.3;0.025;60;0;60
"0.50.30.025";0.5;100;0.3;0.025;57;2;58
"0.50.30.05";0.5;1;0.3;0.05;55;1;59
"0.50.30.05";0.5;2;0.3;0.05;58;0;60
"0.50.30.05";0.5;3;0.3;0.05;50;3;57
"0.50.30.05";0.5;4;0.3;0.05;59;0;60
"0.50.30.05";0.5;5;0.3;0.05;57;1;59
"0.50.30.05";0.5;6;0.3;0.05;58;2;58
"0.50.30.05";0.5;7;0.3;0.05;58;2;58
"0.50.30.05";0.5;8;0.3;0.05;56;1;59
"0.50.30.05";0.5;9;0.3;0.05;51;4;56
"0.50.30.05";0.5;10;0.3;0.05;60;0;60
"0.50.30.05";0.5;11;0.3;0.05;57;2;58
"0.50.30.05";0.5;12;0.3;0.05;46;7;53
"0.50.30.05";0.5;13;0.3;0.05;58;1;59
"0.50.30.05";0.5;14;0.3;0.05;59;0;60
"0.50.30.05";0.5;15;0.3;0.05;42;3;57
"0.50.30.05";0.5;16;0.3;0.05;25;6;54
"0.50.30.05";0.5;17;0.3;0.05;58;2;58
"0.50.30.05";0.5;18;0.3;0.05;57;0;60
"0.50.30.05";0.5;19;0.3;0.05;59;0;60
"0.50.30.05";0.5;20;0.3;0.05;56;2;58
"0.50.30.05";0.5;21;0.3;0.05;57;1;59
"0.50.30.05";0.5;22;0.3;0.05;60;0;60
"0.50.30.05";0.5;23;0.3;0.05;60;0;60
"0.50.30.05";0.5;24;0.3;0.05;58;1;59
"0.50.30.05";0.5;25;0.3;0.05;58;0;60
"0.50.30.05";0.5;26;0.3;0.05;53;2;58
"0.50.30.05";0.5;27;0.3;0.05;57;1;59
"0.50.30.05";0.5;28;0.3;0.05;42;3;57
"0.50.30.05";0.5;29;0.3;0.05;50;3;57
"0.50.30.05";0.5;30;0.3;0.05;58;1;59
"0.50.30.05";0.5;31;0.3;0.05;45;3;57
"0.50.30.05";0.5;32;0.3;0.05;55;1;59
"0.50.30.05";0.5;33;0.3;0.05;59;1;59
"0.50.30.05";0.5;34;0.3;0.05;58;1;59
"0.50.30.05";0.5;35;0.3;0.05;58;0;60
"0.50.30.05";0.5;36;0.3;0.05;49;5;55
"0.50.30.05";0.5;37;0.3;0.05;59;1;59
"0.50.30.05";0.5;38;0.3;0.05;59;0;60
"0.50.30.05";0.5;39;0.3;0.05;49;3;57
"0.50.30.05";0.5;40;0.3;0.05;60;0;60
"0.50.30.05";0.5;41;0.3;0.05;50;6;54
"0.50.30.05";0.5;42;0.3;0.05;43;3;57
"0.50.30.05";0.5;43;0.3;0.05;58;0;60
"0.50.30.05";0.5;44;0.3;0.05;59;1;59
"0.50.30.05";0.5;45;0.3;0.05;58;0;60
"0.50.30.05";0.5;46;0.3;0.05;59;0;60
"0.50.30.05";0.5;47;0.3;0.05;48;1;59
"0.50.30.05";0.5;48;0.3;0.05;54;2;58
"0.50.30.05";0.5;49;0.3;0.05;51;2;58
"0.50.30.05";0.5;50;0.3;0.05;45;3;57
"0.50.30.05";0.5;51;0.3;0.05;44;10;50
"0.50.30.05";0.5;52;0.3;0.05;54;2;58
"0.50.30.05";0.5;53;0.3;0.05;58;0;60
"0.50.30.05";0.5;54;0.3;0.05;56;1;59
"0.50.30.05";0.5;55;0.3;0.05;59;0;60
"0.50.30.05";0.5;56;0.3;0.05;56;1;59
"0.50.30.05";0.5;57;0.3;0.05;58;0;60
"0.50.30.05";0.5;58;0.3;0.05;54;2;58
"0.50.30.05";0.5;59;0.3;0.05;56;1;59
"0.50.30.05";0.5;60;0.3;0.05;55;1;59
"0.50.30.05";0.5;61;0.3;0.05;59;0;60
"0.50.30.05";0.5;62;0.3;0.05;58;0;60
"0.50.30.05";0.5;63;0.3;0.05;56;2;58
"0.50.30.05";0.5;64;0.3;0.05;35;6;54
"0.50.30.05";0.5;65;0.3;0.05;58;0;60
"0.50.30.05";0.5;66;0.3;0.05;54;2;58
"0.50.30.05";0.5;67;0.3;0.05;57;1;59
"0.50.30.05";0.5;68;0.3;0.05;45;5;55
"0.50.30.05";0.5;69;0.3;0.05;54;2;58
"0.50.30.05";0.5;70;0.3;0.05;60;0;60
"0.50.30.05";0.5;71;0.3;0.05;49;6;54
"0.50.30.05";0.5;72;0.3;0.05;48;4;56
"0.50.30.05";0.5;73;0.3;0.05;46;6;54
"0.50.30.05";0.5;74;0.3;0.05;59;0;60
"0.50.30.05";0.5;75;0.3;0.05;60;0;60
"0.50.30.05";0.5;76;0.3;0.05;52;4;56
"0.50.30.05";0.5;77;0.3;0.05;56;0;60
"0.50.30.05";0.5;78;0.3;0.05;60;0;60
"0.50.30.05";0.5;79;0.3;0.05;59;0;60
"0.50.30.05";0.5;80;0.3;0.05;60;0;60
"0.50.30.05";0.5;81;0.3;0.05;37;5;55
"0.50.30.05";0.5;82;0.3;0.05;51;5;55
"0.50.30.05";0.5;83;0.3;0.05;59;0;60
"0.50.30.05";0.5;84;0.3;0.05;56;1;59
"0.50.30.05";0.5;85;0.3;0.05;55;1;59
"0.50.30.05";0.5;86;0.3;0.05;57;1;59
"0.50.30.05";0.5;87;0.3;0.05;56;3;57
"0.50.30.05";0.5;88;0.3;0.05;58;1;59
"0.50.30.05";0.5;89;0.3;0.05;59;1;59
"0.50.30.05";0.5;90;0.3;0.05;46;5;55
"0.50.30.05";0.5;91;0.3;0.05;52;2;58
"0.50.30.05";0.5;92;0.3;0.05;46;2;58
"0.50.30.05";0.5;93;0.3;0.05;40;5;55
"0.50.30.05";0.5;94;0.3;0.05;58;0;60
"0.50.30.05";0.5;95;0.3;0.05;50;3;57
"0.50.30.05";0.5;96;0.3;0.05;51;2;58
"0.50.30.05";0.5;97;0.3;0.05;48;0;60
"0.50.30.05";0.5;98;0.3;0.05;59;0;60
"0.50.30.05";0.5;99;0.3;0.05;58;2;58
"0.50.30.05";0.5;100;0.3;0.05;59;0;60
"0.50.30.1";0.5;1;0.3;0.1;46;7;53
"0.50.30.1";0.5;2;0.3;0.1;51;5;55
"0.50.30.1";0.5;3;0.3;0.1;51;5;55
"0.50.30.1";0.5;4;0.3;0.1;51;1;59
"0.50.30.1";0.5;5;0.3;0.1;37;4;56
"0.50.30.1";0.5;6;0.3;0.1;43;7;53
"0.50.30.1";0.5;7;0.3;0.1;50;3;57
"0.50.30.1";0.5;8;0.3;0.1;40;6;54
"0.50.30.1";0.5;9;0.3;0.1;42;7;53
"0.50.30.1";0.5;10;0.3;0.1;50;5;55
"0.50.30.1";0.5;11;0.3;0.1;51;4;56
"0.50.30.1";0.5;12;0.3;0.1;53;0;60
"0.50.30.1";0.5;13;0.3;0.1;50;4;56
"0.50.30.1";0.5;14;0.3;0.1;38;4;56
"0.50.30.1";0.5;15;0.3;0.1;51;4;56
"0.50.30.1";0.5;16;0.3;0.1;57;2;58
"0.50.30.1";0.5;17;0.3;0.1;54;3;57
"0.50.30.1";0.5;18;0.3;0.1;51;4;56
"0.50.30.1";0.5;19;0.3;0.1;47;5;55
"0.50.30.1";0.5;20;0.3;0.1;35;8;52
"0.50.30.1";0.5;21;0.3;0.1;39;4;56
"0.50.30.1";0.5;22;0.3;0.1;52;5;55
"0.50.30.1";0.5;23;0.3;0.1;55;2;58
"0.50.30.1";0.5;24;0.3;0.1;47;2;58
"0.50.30.1";0.5;25;0.3;0.1;44;5;55
"0.50.30.1";0.5;26;0.3;0.1;32;5;55
"0.50.30.1";0.5;27;0.3;0.1;49;1;59
"0.50.30.1";0.5;28;0.3;0.1;48;2;58
"0.50.30.1";0.5;29;0.3;0.1;33;5;55
"0.50.30.1";0.5;30;0.3;0.1;47;6;54
"0.50.30.1";0.5;31;0.3;0.1;36;7;53
"0.50.30.1";0.5;32;0.3;0.1;48;2;58
"0.50.30.1";0.5;33;0.3;0.1;48;5;55
"0.50.30.1";0.5;34;0.3;0.1;50;4;56
"0.50.30.1";0.5;35;0.3;0.1;43;4;56
"0.50.30.1";0.5;36;0.3;0.1;50;2;58
"0.50.30.1";0.5;37;0.3;0.1;47;4;56
"0.50.30.1";0.5;38;0.3;0.1;48;4;56
"0.50.30.1";0.5;39;0.3;0.1;46;5;55
"0.50.30.1";0.5;40;0.3;0.1;41;7;53
"0.50.30.1";0.5;41;0.3;0.1;48;5;55
"0.50.30.1";0.5;42;0.3;0.1;54;0;60
"0.50.30.1";0.5;43;0.3;0.1;34;8;52
"0.50.30.1";0.5;44;0.3;0.1;46;5;55
"0.50.30.1";0.5;45;0.3;0.1;53;3;57
"0.50.30.1";0.5;46;0.3;0.1;47;0;60
"0.50.30.1";0.5;47;0.3;0.1;48;2;58
"0.50.30.1";0.5;48;0.3;0.1;44;8;52
"0.50.30.1";0.5;49;0.3;0.1;12;10;50
"0.50.30.1";0.5;50;0.3;0.1;38;8;52
"0.50.30.1";0.5;51;0.3;0.1;56;0;60
"0.50.30.1";0.5;52;0.3;0.1;51;3;57
"0.50.30.1";0.5;53;0.3;0.1;54;2;58
"0.50.30.1";0.5;54;0.3;0.1;53;2;58
"0.50.30.1";0.5;55;0.3;0.1;39;7;53
"0.50.30.1";0.5;56;0.3;0.1;21;8;52
"0.50.30.1";0.5;57;0.3;0.1;53;1;59
"0.50.30.1";0.5;58;0.3;0.1;47;6;54
"0.50.30.1";0.5;59;0.3;0.1;39;8;52
"0.50.30.1";0.5;60;0.3;0.1;50;3;57
"0.50.30.1";0.5;61;0.3;0.1;51;4;56
"0.50.30.1";0.5;62;0.3;0.1;39;3;57
"0.50.30.1";0.5;63;0.3;0.1;36;5;55
"0.50.30.1";0.5;64;0.3;0.1;54;2;58
"0.50.30.1";0.5;65;0.3;0.1;44;2;58
"0.50.30.1";0.5;66;0.3;0.1;53;5;55
"0.50.30.1";0.5;67;0.3;0.1;42;4;56
"0.50.30.1";0.5;68;0.3;0.1;44;2;58
"0.50.30.1";0.5;69;0.3;0.1;55;2;58
"0.50.30.1";0.5;70;0.3;0.1;50;2;58
"0.50.30.1";0.5;71;0.3;0.1;54;1;59
"0.50.30.1";0.5;72;0.3;0.1;40;8;52
"0.50.30.1";0.5;73;0.3;0.1;41;9;51
"0.50.30.1";0.5;74;0.3;0.1;50;3;57
"0.50.30.1";0.5;75;0.3;0.1;28;19;41
"0.50.30.1";0.5;76;0.3;0.1;51;3;57
"0.50.30.1";0.5;77;0.3;0.1;45;2;58
"0.50.30.1";0.5;78;0.3;0.1;42;2;58
"0.50.30.1";0.5;79;0.3;0.1;42;9;51
"0.50.30.1";0.5;80;0.3;0.1;39;3;57
"0.50.30.1";0.5;81;0.3;0.1;41;4;56
"0.50.30.1";0.5;82;0.3;0.1;48;3;57
"0.50.30.1";0.5;83;0.3;0.1;45;3;57
"0.50.30.1";0.5;84;0.3;0.1;38;9;51
"0.50.30.1";0.5;85;0.3;0.1;46;6;54
"0.50.30.1";0.5;86;0.3;0.1;40;3;57
"0.50.30.1";0.5;87;0.3;0.1;35;5;55
"0.50.30.1";0.5;88;0.3;0.1;42;4;56
"0.50.30.1";0.5;89;0.3;0.1;54;2;58
"0.50.30.1";0.5;90;0.3;0.1;37;7;53
"0.50.30.1";0.5;91;0.3;0.1;45;3;57
"0.50.30.1";0.5;92;0.3;0.1;33;6;54
"0.50.30.1";0.5;93;0.3;0.1;52;3;57
"0.50.30.1";0.5;94;0.3;0.1;44;5;55
"0.50.30.1";0.5;95;0.3;0.1;43;7;53
"0.50.30.1";0.5;96;0.3;0.1;54;1;59
"0.50.30.1";0.5;97;0.3;0.1;47;6;54
"0.50.30.1";0.5;98;0.3;0.1;43;5;55
"0.50.30.1";0.5;99;0.3;0.1;51;5;55
"0.50.30.1";0.5;100;0.3;0.1;58;2;58
"0.50.40.0125";0.5;1;0.4;0.0125;52;4;56
"0.50.40.0125";0.5;2;0.4;0.0125;60;0;60
"0.50.40.0125";0.5;3;0.4;0.0125;60;0;60
"0.50.40.0125";0.5;4;0.4;0.0125;60;0;60
"0.50.40.0125";0.5;5;0.4;0.0125;60;0;60
"0.50.40.0125";0.5;6;0.4;0.0125;58;1;59
"0.50.40.0125";0.5;7;0.4;0.0125;60;0;60
"0.50.40.0125";0.5;8;0.4;0.0125;60;0;60
"0.50.40.0125";0.5;9;0.4;0.0125;60;0;60
"0.50.40.0125";0.5;10;0.4;0.0125;60;0;60
"0.50.40.0125";0.5;11;0.4;0.0125;59;0;60
"0.50.40.0125";0.5;12;0.4;0.0125;57;0;60
"0.50.40.0125";0.5;13;0.4;0.0125;60;0;60
"0.50.40.0125";0.5;14;0.4;0.0125;60;0;60
"0.50.40.0125";0.5;15;0.4;0.0125;59;0;60
"0.50.40.0125";0.5;16;0.4;0.0125;60;0;60
"0.50.40.0125";0.5;17;0.4;0.0125;58;0;60
"0.50.40.0125";0.5;18;0.4;0.0125;60;0;60
"0.50.40.0125";0.5;19;0.4;0.0125;60;0;60
"0.50.40.0125";0.5;20;0.4;0.0125;60;0;60
"0.50.40.0125";0.5;21;0.4;0.0125;60;0;60
"0.50.40.0125";0.5;22;0.4;0.0125;60;0;60
"0.50.40.0125";0.5;23;0.4;0.0125;60;0;60
"0.50.40.0125";0.5;24;0.4;0.0125;41;4;56
"0.50.40.0125";0.5;25;0.4;0.0125;60;0;60
"0.50.40.0125";0.5;26;0.4;0.0125;60;0;60
"0.50.40.0125";0.5;27;0.4;0.0125;44;4;56
"0.50.40.0125";0.5;28;0.4;0.0125;60;0;60
"0.50.40.0125";0.5;29;0.4;0.0125;59;0;60
"0.50.40.0125";0.5;30;0.4;0.0125;59;1;59
"0.50.40.0125";0.5;31;0.4;0.0125;58;2;58
"0.50.40.0125";0.5;32;0.4;0.0125;60;0;60
"0.50.40.0125";0.5;33;0.4;0.0125;57;0;60
"0.50.40.0125";0.5;34;0.4;0.0125;60;0;60
"0.50.40.0125";0.5;35;0.4;0.0125;52;1;59
"0.50.40.0125";0.5;36;0.4;0.0125;60;0;60
"0.50.40.0125";0.5;37;0.4;0.0125;59;0;60
"0.50.40.0125";0.5;38;0.4;0.0125;59;0;60
"0.50.40.0125";0.5;39;0.4;0.0125;60;0;60
"0.50.40.0125";0.5;40;0.4;0.0125;60;0;60
"0.50.40.0125";0.5;41;0.4;0.0125;60;0;60
"0.50.40.0125";0.5;42;0.4;0.0125;60;0;60
"0.50.40.0125";0.5;43;0.4;0.0125;60;0;60
"0.50.40.0125";0.5;44;0.4;0.0125;59;0;60
"0.50.40.0125";0.5;45;0.4;0.0125;55;1;59
"0.50.40.0125";0.5;46;0.4;0.0125;51;1;59
"0.50.40.0125";0.5;47;0.4;0.0125;54;1;59
"0.50.40.0125";0.5;48;0.4;0.0125;58;1;59
"0.50.40.0125";0.5;49;0.4;0.0125;59;0;60
"0.50.40.0125";0.5;50;0.4;0.0125;60;0;60
"0.50.40.0125";0.5;51;0.4;0.0125;60;0;60
"0.50.40.0125";0.5;52;0.4;0.0125;59;0;60
"0.50.40.0125";0.5;53;0.4;0.0125;54;3;57
"0.50.40.0125";0.5;54;0.4;0.0125;60;0;60
"0.50.40.0125";0.5;55;0.4;0.0125;60;0;60
"0.50.40.0125";0.5;56;0.4;0.0125;60;0;60
"0.50.40.0125";0.5;57;0.4;0.0125;59;0;60
"0.50.40.0125";0.5;58;0.4;0.0125;60;0;60
"0.50.40.0125";0.5;59;0.4;0.0125;60;0;60
"0.50.40.0125";0.5;60;0.4;0.0125;60;0;60
"0.50.40.0125";0.5;61;0.4;0.0125;60;0;60
"0.50.40.0125";0.5;62;0.4;0.0125;60;0;60
"0.50.40.0125";0.5;63;0.4;0.0125;60;0;60
"0.50.40.0125";0.5;64;0.4;0.0125;59;0;60
"0.50.40.0125";0.5;65;0.4;0.0125;57;1;59
"0.50.40.0125";0.5;66;0.4;0.0125;59;0;60
"0.50.40.0125";0.5;67;0.4;0.0125;53;2;58
"0.50.40.0125";0.5;68;0.4;0.0125;60;0;60
"0.50.40.0125";0.5;69;0.4;0.0125;60;0;60
"0.50.40.0125";0.5;70;0.4;0.0125;60;0;60
"0.50.40.0125";0.5;71;0.4;0.0125;53;0;60
"0.50.40.0125";0.5;72;0.4;0.0125;44;2;58
"0.50.40.0125";0.5;73;0.4;0.0125;60;0;60
"0.50.40.0125";0.5;74;0.4;0.0125;59;0;60
"0.50.40.0125";0.5;75;0.4;0.0125;60;0;60
"0.50.40.0125";0.5;76;0.4;0.0125;59;0;60
"0.50.40.0125";0.5;77;0.4;0.0125;60;0;60
"0.50.40.0125";0.5;78;0.4;0.0125;60;0;60
"0.50.40.0125";0.5;79;0.4;0.0125;58;1;59
"0.50.40.0125";0.5;80;0.4;0.0125;45;4;56
"0.50.40.0125";0.5;81;0.4;0.0125;57;1;59
"0.50.40.0125";0.5;82;0.4;0.0125;60;0;60
"0.50.40.0125";0.5;83;0.4;0.0125;59;0;60
"0.50.40.0125";0.5;84;0.4;0.0125;60;0;60
"0.50.40.0125";0.5;85;0.4;0.0125;58;0;60
"0.50.40.0125";0.5;86;0.4;0.0125;60;0;60
"0.50.40.0125";0.5;87;0.4;0.0125;56;1;59
"0.50.40.0125";0.5;88;0.4;0.0125;60;0;60
"0.50.40.0125";0.5;89;0.4;0.0125;60;0;60
"0.50.40.0125";0.5;90;0.4;0.0125;60;0;60
"0.50.40.0125";0.5;91;0.4;0.0125;60;0;60
"0.50.40.0125";0.5;92;0.4;0.0125;60;0;60
"0.50.40.0125";0.5;93;0.4;0.0125;60;0;60
"0.50.40.0125";0.5;94;0.4;0.0125;60;0;60
"0.50.40.0125";0.5;95;0.4;0.0125;56;1;59
"0.50.40.0125";0.5;96;0.4;0.0125;57;1;59
"0.50.40.0125";0.5;97;0.4;0.0125;60;0;60
"0.50.40.0125";0.5;98;0.4;0.0125;56;1;59
"0.50.40.0125";0.5;99;0.4;0.0125;60;0;60
"0.50.40.0125";0.5;100;0.4;0.0125;60;0;60
"0.50.40.025";0.5;1;0.4;0.025;59;0;60
"0.50.40.025";0.5;2;0.4;0.025;57;0;60
"0.50.40.025";0.5;3;0.4;0.025;58;1;59
"0.50.40.025";0.5;4;0.4;0.025;52;3;57
"0.50.40.025";0.5;5;0.4;0.025;24;9;51
"0.50.40.025";0.5;6;0.4;0.025;53;3;57
"0.50.40.025";0.5;7;0.4;0.025;57;1;59
"0.50.40.025";0.5;8;0.4;0.025;50;2;58
"0.50.40.025";0.5;9;0.4;0.025;60;0;60
"0.50.40.025";0.5;10;0.4;0.025;60;0;60
"0.50.40.025";0.5;11;0.4;0.025;60;0;60
"0.50.40.025";0.5;12;0.4;0.025;50;3;57
"0.50.40.025";0.5;13;0.4;0.025;60;0;60
"0.50.40.025";0.5;14;0.4;0.025;59;0;60
"0.50.40.025";0.5;15;0.4;0.025;59;0;60
"0.50.40.025";0.5;16;0.4;0.025;60;0;60
"0.50.40.025";0.5;17;0.4;0.025;33;7;53
"0.50.40.025";0.5;18;0.4;0.025;54;2;58
"0.50.40.025";0.5;19;0.4;0.025;60;0;60
"0.50.40.025";0.5;20;0.4;0.025;55;0;60
"0.50.40.025";0.5;21;0.4;0.025;59;0;60
"0.50.40.025";0.5;22;0.4;0.025;58;1;59
"0.50.40.025";0.5;23;0.4;0.025;60;0;60
"0.50.40.025";0.5;24;0.4;0.025;59;0;60
"0.50.40.025";0.5;25;0.4;0.025;56;0;60
"0.50.40.025";0.5;26;0.4;0.025;60;0;60
"0.50.40.025";0.5;27;0.4;0.025;60;0;60
"0.50.40.025";0.5;28;0.4;0.025;53;1;59
"0.50.40.025";0.5;29;0.4;0.025;52;1;59
"0.50.40.025";0.5;30;0.4;0.025;60;0;60
"0.50.40.025";0.5;31;0.4;0.025;60;0;60
"0.50.40.025";0.5;32;0.4;0.025;60;0;60
"0.50.40.025";0.5;33;0.4;0.025;41;6;54
"0.50.40.025";0.5;34;0.4;0.025;60;0;60
"0.50.40.025";0.5;35;0.4;0.025;56;1;59
"0.50.40.025";0.5;36;0.4;0.025;55;2;58
"0.50.40.025";0.5;37;0.4;0.025;59;0;60
"0.50.40.025";0.5;38;0.4;0.025;60;0;60
"0.50.40.025";0.5;39;0.4;0.025;60;0;60
"0.50.40.025";0.5;40;0.4;0.025;58;1;59
"0.50.40.025";0.5;41;0.4;0.025;56;2;58
"0.50.40.025";0.5;42;0.4;0.025;47;1;59
"0.50.40.025";0.5;43;0.4;0.025;59;1;59
"0.50.40.025";0.5;44;0.4;0.025;59;0;60
"0.50.40.025";0.5;45;0.4;0.025;39;7;53
"0.50.40.025";0.5;46;0.4;0.025;60;0;60
"0.50.40.025";0.5;47;0.4;0.025;60;0;60
"0.50.40.025";0.5;48;0.4;0.025;60;0;60
"0.50.40.025";0.5;49;0.4;0.025;58;1;59
"0.50.40.025";0.5;50;0.4;0.025;52;0;60
"0.50.40.025";0.5;51;0.4;0.025;51;6;54
"0.50.40.025";0.5;52;0.4;0.025;56;3;57
"0.50.40.025";0.5;53;0.4;0.025;58;1;59
"0.50.40.025";0.5;54;0.4;0.025;55;2;58
"0.50.40.025";0.5;55;0.4;0.025;60;0;60
"0.50.40.025";0.5;56;0.4;0.025;48;4;56
"0.50.40.025";0.5;57;0.4;0.025;56;3;57
"0.50.40.025";0.5;58;0.4;0.025;58;1;59
"0.50.40.025";0.5;59;0.4;0.025;59;0;60
"0.50.40.025";0.5;60;0.4;0.025;57;0;60
"0.50.40.025";0.5;61;0.4;0.025;59;1;59
"0.50.40.025";0.5;62;0.4;0.025;58;1;59
"0.50.40.025";0.5;63;0.4;0.025;49;2;58
"0.50.40.025";0.5;64;0.4;0.025;60;0;60
"0.50.40.025";0.5;65;0.4;0.025;55;2;58
"0.50.40.025";0.5;66;0.4;0.025;50;2;58
"0.50.40.025";0.5;67;0.4;0.025;59;0;60
"0.50.40.025";0.5;68;0.4;0.025;59;0;60
"0.50.40.025";0.5;69;0.4;0.025;60;0;60
"0.50.40.025";0.5;70;0.4;0.025;53;2;58
"0.50.40.025";0.5;71;0.4;0.025;56;0;60
"0.50.40.025";0.5;72;0.4;0.025;48;5;55
"0.50.40.025";0.5;73;0.4;0.025;58;0;60
"0.50.40.025";0.5;74;0.4;0.025;60;0;60
"0.50.40.025";0.5;75;0.4;0.025;60;0;60
"0.50.40.025";0.5;76;0.4;0.025;60;0;60
"0.50.40.025";0.5;77;0.4;0.025;59;0;60
"0.50.40.025";0.5;78;0.4;0.025;60;0;60
"0.50.40.025";0.5;79;0.4;0.025;60;0;60
"0.50.40.025";0.5;80;0.4;0.025;49;5;55
"0.50.40.025";0.5;81;0.4;0.025;55;1;59
"0.50.40.025";0.5;82;0.4;0.025;58;0;60
"0.50.40.025";0.5;83;0.4;0.025;50;4;56
"0.50.40.025";0.5;84;0.4;0.025;60;0;60
"0.50.40.025";0.5;85;0.4;0.025;44;3;57
"0.50.40.025";0.5;86;0.4;0.025;60;0;60
"0.50.40.025";0.5;87;0.4;0.025;57;1;59
"0.50.40.025";0.5;88;0.4;0.025;55;0;60
"0.50.40.025";0.5;89;0.4;0.025;60;0;60
"0.50.40.025";0.5;90;0.4;0.025;50;2;58
"0.50.40.025";0.5;91;0.4;0.025;60;0;60
"0.50.40.025";0.5;92;0.4;0.025;55;2;58
"0.50.40.025";0.5;93;0.4;0.025;60;0;60
"0.50.40.025";0.5;94;0.4;0.025;60;0;60
"0.50.40.025";0.5;95;0.4;0.025;51;3;57
"0.50.40.025";0.5;96;0.4;0.025;60;0;60
"0.50.40.025";0.5;97;0.4;0.025;56;1;59
"0.50.40.025";0.5;98;0.4;0.025;60;0;60
"0.50.40.025";0.5;99;0.4;0.025;57;1;59
"0.50.40.025";0.5;100;0.4;0.025;59;0;60
"0.50.40.05";0.5;1;0.4;0.05;51;3;57
"0.50.40.05";0.5;2;0.4;0.05;20;5;55
"0.50.40.05";0.5;3;0.4;0.05;34;9;51
"0.50.40.05";0.5;4;0.4;0.05;51;3;57
"0.50.40.05";0.5;5;0.4;0.05;50;2;58
"0.50.40.05";0.5;6;0.4;0.05;46;3;57
"0.50.40.05";0.5;7;0.4;0.05;51;4;56
"0.50.40.05";0.5;8;0.4;0.05;60;0;60
"0.50.40.05";0.5;9;0.4;0.05;46;6;54
"0.50.40.05";0.5;10;0.4;0.05;57;1;59
"0.50.40.05";0.5;11;0.4;0.05;56;0;60
"0.50.40.05";0.5;12;0.4;0.05;53;2;58
"0.50.40.05";0.5;13;0.4;0.05;49;4;56
"0.50.40.05";0.5;14;0.4;0.05;58;1;59
"0.50.40.05";0.5;15;0.4;0.05;51;2;58
"0.50.40.05";0.5;16;0.4;0.05;55;3;57
"0.50.40.05";0.5;17;0.4;0.05;57;1;59
"0.50.40.05";0.5;18;0.4;0.05;57;0;60
"0.50.40.05";0.5;19;0.4;0.05;47;0;60
"0.50.40.05";0.5;20;0.4;0.05;52;3;57
"0.50.40.05";0.5;21;0.4;0.05;53;5;55
"0.50.40.05";0.5;22;0.4;0.05;53;4;56
"0.50.40.05";0.5;23;0.4;0.05;58;1;59
"0.50.40.05";0.5;24;0.4;0.05;51;1;59
"0.50.40.05";0.5;25;0.4;0.05;49;1;59
"0.50.40.05";0.5;26;0.4;0.05;56;2;58
"0.50.40.05";0.5;27;0.4;0.05;57;1;59
"0.50.40.05";0.5;28;0.4;0.05;51;3;57
"0.50.40.05";0.5;29;0.4;0.05;49;5;55
"0.50.40.05";0.5;30;0.4;0.05;51;4;56
"0.50.40.05";0.5;31;0.4;0.05;56;1;59
"0.50.40.05";0.5;32;0.4;0.05;35;6;54
"0.50.40.05";0.5;33;0.4;0.05;52;2;58
"0.50.40.05";0.5;34;0.4;0.05;45;5;55
"0.50.40.05";0.5;35;0.4;0.05;31;7;53
"0.50.40.05";0.5;36;0.4;0.05;43;5;55
"0.50.40.05";0.5;37;0.4;0.05;53;3;57
"0.50.40.05";0.5;38;0.4;0.05;47;2;58
"0.50.40.05";0.5;39;0.4;0.05;54;2;58
"0.50.40.05";0.5;40;0.4;0.05;47;4;56
"0.50.40.05";0.5;41;0.4;0.05;56;3;57
"0.50.40.05";0.5;42;0.4;0.05;59;0;60
"0.50.40.05";0.5;43;0.4;0.05;51;1;59
"0.50.40.05";0.5;44;0.4;0.05;48;4;56
"0.50.40.05";0.5;45;0.4;0.05;32;9;51
"0.50.40.05";0.5;46;0.4;0.05;41;3;57
"0.50.40.05";0.5;47;0.4;0.05;42;9;51
"0.50.40.05";0.5;48;0.4;0.05;42;3;57
"0.50.40.05";0.5;49;0.4;0.05;35;6;54
"0.50.40.05";0.5;50;0.4;0.05;44;6;54
"0.50.40.05";0.5;51;0.4;0.05;57;2;58
"0.50.40.05";0.5;52;0.4;0.05;58;0;60
"0.50.40.05";0.5;53;0.4;0.05;60;0;60
"0.50.40.05";0.5;54;0.4;0.05;54;2;58
"0.50.40.05";0.5;55;0.4;0.05;44;1;59
"0.50.40.05";0.5;56;0.4;0.05;49;1;59
"0.50.40.05";0.5;57;0.4;0.05;55;1;59
"0.50.40.05";0.5;58;0.4;0.05;53;2;58
"0.50.40.05";0.5;59;0.4;0.05;56;3;57
"0.50.40.05";0.5;60;0.4;0.05;48;5;55
"0.50.40.05";0.5;61;0.4;0.05;47;2;58
"0.50.40.05";0.5;62;0.4;0.05;22;11;49
"0.50.40.05";0.5;63;0.4;0.05;58;0;60
"0.50.40.05";0.5;64;0.4;0.05;40;7;53
"0.50.40.05";0.5;65;0.4;0.05;45;4;56
"0.50.40.05";0.5;66;0.4;0.05;49;2;58
"0.50.40.05";0.5;67;0.4;0.05;60;0;60
"0.50.40.05";0.5;68;0.4;0.05;49;1;59
"0.50.40.05";0.5;69;0.4;0.05;49;5;55
"0.50.40.05";0.5;70;0.4;0.05;50;2;58
"0.50.40.05";0.5;71;0.4;0.05;21;6;54
"0.50.40.05";0.5;72;0.4;0.05;52;1;59
"0.50.40.05";0.5;73;0.4;0.05;48;3;57
"0.50.40.05";0.5;74;0.4;0.05;58;0;60
"0.50.40.05";0.5;75;0.4;0.05;47;6;54
"0.50.40.05";0.5;76;0.4;0.05;56;1;59
"0.50.40.05";0.5;77;0.4;0.05;54;2;58
"0.50.40.05";0.5;78;0.4;0.05;47;6;54
"0.50.40.05";0.5;79;0.4;0.05;55;3;57
"0.50.40.05";0.5;80;0.4;0.05;52;3;57
"0.50.40.05";0.5;81;0.4;0.05;52;4;56
"0.50.40.05";0.5;82;0.4;0.05;55;1;59
"0.50.40.05";0.5;83;0.4;0.05;41;4;56
"0.50.40.05";0.5;84;0.4;0.05;58;1;59
"0.50.40.05";0.5;85;0.4;0.05;57;3;57
"0.50.40.05";0.5;86;0.4;0.05;56;1;59
"0.50.40.05";0.5;87;0.4;0.05;50;5;55
"0.50.40.05";0.5;88;0.4;0.05;48;2;58
"0.50.40.05";0.5;89;0.4;0.05;40;2;58
"0.50.40.05";0.5;90;0.4;0.05;38;4;56
"0.50.40.05";0.5;91;0.4;0.05;39;7;53
"0.50.40.05";0.5;92;0.4;0.05;53;4;56
"0.50.40.05";0.5;93;0.4;0.05;53;3;57
"0.50.40.05";0.5;94;0.4;0.05;44;5;55
"0.50.40.05";0.5;95;0.4;0.05;47;3;57
"0.50.40.05";0.5;96;0.4;0.05;44;2;58
"0.50.40.05";0.5;97;0.4;0.05;43;5;55
"0.50.40.05";0.5;98;0.4;0.05;46;5;55
"0.50.40.05";0.5;99;0.4;0.05;50;1;59
"0.50.40.05";0.5;100;0.4;0.05;58;1;59
"0.50.40.1";0.5;1;0.4;0.1;25;4;56
"0.50.40.1";0.5;2;0.4;0.1;35;7;53
"0.50.40.1";0.5;3;0.4;0.1;46;4;56
"0.50.40.1";0.5;4;0.4;0.1;45;7;53
"0.50.40.1";0.5;5;0.4;0.1;46;4;56
"0.50.40.1";0.5;6;0.4;0.1;30;5;55
"0.50.40.1";0.5;7;0.4;0.1;48;3;57
"0.50.40.1";0.5;8;0.4;0.1;46;4;56
"0.50.40.1";0.5;9;0.4;0.1;45;2;58
"0.50.40.1";0.5;10;0.4;0.1;50;4;56
"0.50.40.1";0.5;11;0.4;0.1;43;5;55
"0.50.40.1";0.5;12;0.4;0.1;45;3;57
"0.50.40.1";0.5;13;0.4;0.1;27;7;53
"0.50.40.1";0.5;14;0.4;0.1;44;5;55
"0.50.40.1";0.5;15;0.4;0.1;41;2;58
"0.50.40.1";0.5;16;0.4;0.1;43;8;52
"0.50.40.1";0.5;17;0.4;0.1;32;7;53
"0.50.40.1";0.5;18;0.4;0.1;28;10;50
"0.50.40.1";0.5;19;0.4;0.1;27;12;48
"0.50.40.1";0.5;20;0.4;0.1;31;5;55
"0.50.40.1";0.5;21;0.4;0.1;43;8;52
"0.50.40.1";0.5;22;0.4;0.1;51;2;58
"0.50.40.1";0.5;23;0.4;0.1;41;5;55
"0.50.40.1";0.5;24;0.4;0.1;46;4;56
"0.50.40.1";0.5;25;0.4;0.1;50;2;58
"0.50.40.1";0.5;26;0.4;0.1;41;6;54
"0.50.40.1";0.5;27;0.4;0.1;40;1;59
"0.50.40.1";0.5;28;0.4;0.1;47;3;57
"0.50.40.1";0.5;29;0.4;0.1;39;5;55
"0.50.40.1";0.5;30;0.4;0.1;38;5;55
"0.50.40.1";0.5;31;0.4;0.1;37;6;54
"0.50.40.1";0.5;32;0.4;0.1;37;5;55
"0.50.40.1";0.5;33;0.4;0.1;23;10;50
"0.50.40.1";0.5;34;0.4;0.1;47;5;55
"0.50.40.1";0.5;35;0.4;0.1;41;4;56
"0.50.40.1";0.5;36;0.4;0.1;36;6;54
"0.50.40.1";0.5;37;0.4;0.1;44;5;55
"0.50.40.1";0.5;38;0.4;0.1;39;6;54
"0.50.40.1";0.5;39;0.4;0.1;37;9;51
"0.50.40.1";0.5;40;0.4;0.1;46;1;59
"0.50.40.1";0.5;41;0.4;0.1;49;5;55
"0.50.40.1";0.5;42;0.4;0.1;40;7;53
"0.50.40.1";0.5;43;0.4;0.1;44;3;57
"0.50.40.1";0.5;44;0.4;0.1;28;9;51
"0.50.40.1";0.5;45;0.4;0.1;52;6;54
"0.50.40.1";0.5;46;0.4;0.1;43;4;56
"0.50.40.1";0.5;47;0.4;0.1;29;7;53
"0.50.40.1";0.5;48;0.4;0.1;42;6;54
"0.50.40.1";0.5;49;0.4;0.1;42;5;55
"0.50.40.1";0.5;50;0.4;0.1;48;2;58
"0.50.40.1";0.5;51;0.4;0.1;19;13;47
"0.50.40.1";0.5;52;0.4;0.1;47;3;57
"0.50.40.1";0.5;53;0.4;0.1;45;4;56
"0.50.40.1";0.5;54;0.4;0.1;56;2;58
"0.50.40.1";0.5;55;0.4;0.1;52;3;57
"0.50.40.1";0.5;56;0.4;0.1;44;6;54
"0.50.40.1";0.5;57;0.4;0.1;39;2;58
"0.50.40.1";0.5;58;0.4;0.1;37;7;53
"0.50.40.1";0.5;59;0.4;0.1;33;6;54
"0.50.40.1";0.5;60;0.4;0.1;40;7;53
"0.50.40.1";0.5;61;0.4;0.1;45;5;55
"0.50.40.1";0.5;62;0.4;0.1;44;6;54
"0.50.40.1";0.5;63;0.4;0.1;21;8;52
"0.50.40.1";0.5;64;0.4;0.1;27;8;52
"0.50.40.1";0.5;65;0.4;0.1;49;2;58
"0.50.40.1";0.5;66;0.4;0.1;51;0;60
"0.50.40.1";0.5;67;0.4;0.1;38;9;51
"0.50.40.1";0.5;68;0.4;0.1;46;4;56
"0.50.40.1";0.5;69;0.4;0.1;34;8;52
"0.50.40.1";0.5;70;0.4;0.1;23;4;56
"0.50.40.1";0.5;71;0.4;0.1;44;3;57
"0.50.40.1";0.5;72;0.4;0.1;42;3;57
"0.50.40.1";0.5;73;0.4;0.1;40;7;53
"0.50.40.1";0.5;74;0.4;0.1;45;1;59
"0.50.40.1";0.5;75;0.4;0.1;48;2;58
"0.50.40.1";0.5;76;0.4;0.1;53;5;55
"0.50.40.1";0.5;77;0.4;0.1;44;3;57
"0.50.40.1";0.5;78;0.4;0.1;33;2;58
"0.50.40.1";0.5;79;0.4;0.1;44;5;55
"0.50.40.1";0.5;80;0.4;0.1;38;3;57
"0.50.40.1";0.5;81;0.4;0.1;41;8;52
"0.50.40.1";0.5;82;0.4;0.1;37;5;55
"0.50.40.1";0.5;83;0.4;0.1;33;11;49
"0.50.40.1";0.5;84;0.4;0.1;47;5;55
"0.50.40.1";0.5;85;0.4;0.1;47;4;56
"0.50.40.1";0.5;86;0.4;0.1;34;8;52
"0.50.40.1";0.5;87;0.4;0.1;25;14;46
"0.50.40.1";0.5;88;0.4;0.1;49;3;57
"0.50.40.1";0.5;89;0.4;0.1;53;1;59
"0.50.40.1";0.5;90;0.4;0.1;46;6;54
"0.50.40.1";0.5;91;0.4;0.1;49;3;57
"0.50.40.1";0.5;92;0.4;0.1;44;5;55
"0.50.40.1";0.5;93;0.4;0.1;39;3;57
"0.50.40.1";0.5;94;0.4;0.1;37;5;55
"0.50.40.1";0.5;95;0.4;0.1;33;6;54
"0.50.40.1";0.5;96;0.4;0.1;49;2;58
"0.50.40.1";0.5;97;0.4;0.1;40;7;53
"0.50.40.1";0.5;98;0.4;0.1;26;10;50
"0.50.40.1";0.5;99;0.4;0.1;39;5;55
"0.50.40.1";0.5;100;0.4;0.1;51;2;58
"0.50.50.0125";0.5;1;0.5;0.0125;59;0;60
"0.50.50.0125";0.5;2;0.5;0.0125;60;0;60
"0.50.50.0125";0.5;3;0.5;0.0125;59;0;60
"0.50.50.0125";0.5;4;0.5;0.0125;57;1;59
"0.50.50.0125";0.5;5;0.5;0.0125;59;1;59
"0.50.50.0125";0.5;6;0.5;0.0125;60;0;60
"0.50.50.0125";0.5;7;0.5;0.0125;28;4;56
"0.50.50.0125";0.5;8;0.5;0.0125;60;0;60
"0.50.50.0125";0.5;9;0.5;0.0125;59;0;60
"0.50.50.0125";0.5;10;0.5;0.0125;60;0;60
"0.50.50.0125";0.5;11;0.5;0.0125;59;1;59
"0.50.50.0125";0.5;12;0.5;0.0125;60;0;60
"0.50.50.0125";0.5;13;0.5;0.0125;60;0;60
"0.50.50.0125";0.5;14;0.5;0.0125;49;5;55
"0.50.50.0125";0.5;15;0.5;0.0125;37;5;55
"0.50.50.0125";0.5;16;0.5;0.0125;60;0;60
"0.50.50.0125";0.5;17;0.5;0.0125;60;0;60
"0.50.50.0125";0.5;18;0.5;0.0125;53;0;60
"0.50.50.0125";0.5;19;0.5;0.0125;60;0;60
"0.50.50.0125";0.5;20;0.5;0.0125;57;1;59
"0.50.50.0125";0.5;21;0.5;0.0125;57;1;59
"0.50.50.0125";0.5;22;0.5;0.0125;57;0;60
"0.50.50.0125";0.5;23;0.5;0.0125;42;2;58
"0.50.50.0125";0.5;24;0.5;0.0125;56;0;60
"0.50.50.0125";0.5;25;0.5;0.0125;56;2;58
"0.50.50.0125";0.5;26;0.5;0.0125;59;0;60
"0.50.50.0125";0.5;27;0.5;0.0125;60;0;60
"0.50.50.0125";0.5;28;0.5;0.0125;58;0;60
"0.50.50.0125";0.5;29;0.5;0.0125;60;0;60
"0.50.50.0125";0.5;30;0.5;0.0125;59;0;60
"0.50.50.0125";0.5;31;0.5;0.0125;60;0;60
"0.50.50.0125";0.5;32;0.5;0.0125;60;0;60
"0.50.50.0125";0.5;33;0.5;0.0125;51;2;58
"0.50.50.0125";0.5;34;0.5;0.0125;60;0;60
"0.50.50.0125";0.5;35;0.5;0.0125;60;0;60
"0.50.50.0125";0.5;36;0.5;0.0125;60;0;60
"0.50.50.0125";0.5;37;0.5;0.0125;60;0;60
"0.50.50.0125";0.5;38;0.5;0.0125;60;0;60
"0.50.50.0125";0.5;39;0.5;0.0125;52;6;54
"0.50.50.0125";0.5;40;0.5;0.0125;60;0;60
"0.50.50.0125";0.5;41;0.5;0.0125;58;1;59
"0.50.50.0125";0.5;42;0.5;0.0125;59;0;60
"0.50.50.0125";0.5;43;0.5;0.0125;60;0;60
"0.50.50.0125";0.5;44;0.5;0.0125;58;0;60
"0.50.50.0125";0.5;45;0.5;0.0125;59;1;59
"0.50.50.0125";0.5;46;0.5;0.0125;60;0;60
"0.50.50.0125";0.5;47;0.5;0.0125;60;0;60
"0.50.50.0125";0.5;48;0.5;0.0125;50;1;59
"0.50.50.0125";0.5;49;0.5;0.0125;43;5;55
"0.50.50.0125";0.5;50;0.5;0.0125;48;4;56
"0.50.50.0125";0.5;51;0.5;0.0125;60;0;60
"0.50.50.0125";0.5;52;0.5;0.0125;58;0;60
"0.50.50.0125";0.5;53;0.5;0.0125;56;0;60
"0.50.50.0125";0.5;54;0.5;0.0125;58;0;60
"0.50.50.0125";0.5;55;0.5;0.0125;38;6;54
"0.50.50.0125";0.5;56;0.5;0.0125;60;0;60
"0.50.50.0125";0.5;57;0.5;0.0125;59;1;59
"0.50.50.0125";0.5;58;0.5;0.0125;58;1;59
"0.50.50.0125";0.5;59;0.5;0.0125;45;2;58
"0.50.50.0125";0.5;60;0.5;0.0125;31;6;54
"0.50.50.0125";0.5;61;0.5;0.0125;60;0;60
"0.50.50.0125";0.5;62;0.5;0.0125;60;0;60
"0.50.50.0125";0.5;63;0.5;0.0125;60;0;60
"0.50.50.0125";0.5;64;0.5;0.0125;60;0;60
"0.50.50.0125";0.5;65;0.5;0.0125;60;0;60
"0.50.50.0125";0.5;66;0.5;0.0125;60;0;60
"0.50.50.0125";0.5;67;0.5;0.0125;60;0;60
"0.50.50.0125";0.5;68;0.5;0.0125;49;3;57
"0.50.50.0125";0.5;69;0.5;0.0125;60;0;60
"0.50.50.0125";0.5;70;0.5;0.0125;60;0;60
"0.50.50.0125";0.5;71;0.5;0.0125;59;1;59
"0.50.50.0125";0.5;72;0.5;0.0125;47;4;56
"0.50.50.0125";0.5;73;0.5;0.0125;50;1;59
"0.50.50.0125";0.5;74;0.5;0.0125;59;0;60
"0.50.50.0125";0.5;75;0.5;0.0125;60;0;60
"0.50.50.0125";0.5;76;0.5;0.0125;60;0;60
"0.50.50.0125";0.5;77;0.5;0.0125;60;0;60
"0.50.50.0125";0.5;78;0.5;0.0125;49;2;58
"0.50.50.0125";0.5;79;0.5;0.0125;59;0;60
"0.50.50.0125";0.5;80;0.5;0.0125;60;0;60
"0.50.50.0125";0.5;81;0.5;0.0125;57;1;59
"0.50.50.0125";0.5;82;0.5;0.0125;60;0;60
"0.50.50.0125";0.5;83;0.5;0.0125;57;1;59
"0.50.50.0125";0.5;84;0.5;0.0125;59;0;60
"0.50.50.0125";0.5;85;0.5;0.0125;54;2;58
"0.50.50.0125";0.5;86;0.5;0.0125;59;0;60
"0.50.50.0125";0.5;87;0.5;0.0125;60;0;60
"0.50.50.0125";0.5;88;0.5;0.0125;60;0;60
"0.50.50.0125";0.5;89;0.5;0.0125;60;0;60
"0.50.50.0125";0.5;90;0.5;0.0125;60;0;60
"0.50.50.0125";0.5;91;0.5;0.0125;59;0;60
"0.50.50.0125";0.5;92;0.5;0.0125;60;0;60
"0.50.50.0125";0.5;93;0.5;0.0125;57;0;60
"0.50.50.0125";0.5;94;0.5;0.0125;60;0;60
"0.50.50.0125";0.5;95;0.5;0.0125;60;0;60
"0.50.50.0125";0.5;96;0.5;0.0125;60;0;60
"0.50.50.0125";0.5;97;0.5;0.0125;54;2;58
"0.50.50.0125";0.5;98;0.5;0.0125;57;0;60
"0.50.50.0125";0.5;99;0.5;0.0125;59;0;60
"0.50.50.0125";0.5;100;0.5;0.0125;54;1;59
"0.50.50.025";0.5;1;0.5;0.025;57;0;60
"0.50.50.025";0.5;2;0.5;0.025;57;0;60
"0.50.50.025";0.5;3;0.5;0.025;54;3;57
"0.50.50.025";0.5;4;0.5;0.025;57;2;58
"0.50.50.025";0.5;5;0.5;0.025;40;6;54
"0.50.50.025";0.5;6;0.5;0.025;59;0;60
"0.50.50.025";0.5;7;0.5;0.025;48;5;55
"0.50.50.025";0.5;8;0.5;0.025;59;0;60
"0.50.50.025";0.5;9;0.5;0.025;51;3;57
"0.50.50.025";0.5;10;0.5;0.025;34;7;53
"0.50.50.025";0.5;11;0.5;0.025;59;0;60
"0.50.50.025";0.5;12;0.5;0.025;47;3;57
"0.50.50.025";0.5;13;0.5;0.025;57;2;58
"0.50.50.025";0.5;14;0.5;0.025;59;0;60
"0.50.50.025";0.5;15;0.5;0.025;37;6;54
"0.50.50.025";0.5;16;0.5;0.025;57;2;58
"0.50.50.025";0.5;17;0.5;0.025;32;6;54
"0.50.50.025";0.5;18;0.5;0.025;36;4;56
"0.50.50.025";0.5;19;0.5;0.025;57;1;59
"0.50.50.025";0.5;20;0.5;0.025;57;2;58
"0.50.50.025";0.5;21;0.5;0.025;50;1;59
"0.50.50.025";0.5;22;0.5;0.025;37;4;56
"0.50.50.025";0.5;23;0.5;0.025;59;0;60
"0.50.50.025";0.5;24;0.5;0.025;54;1;59
"0.50.50.025";0.5;25;0.5;0.025;59;0;60
"0.50.50.025";0.5;26;0.5;0.025;32;9;51
"0.50.50.025";0.5;27;0.5;0.025;57;2;58
"0.50.50.025";0.5;28;0.5;0.025;58;0;60
"0.50.50.025";0.5;29;0.5;0.025;55;1;59
"0.50.50.025";0.5;30;0.5;0.025;60;0;60
"0.50.50.025";0.5;31;0.5;0.025;56;1;59
"0.50.50.025";0.5;32;0.5;0.025;53;3;57
"0.50.50.025";0.5;33;0.5;0.025;59;1;59
"0.50.50.025";0.5;34;0.5;0.025;56;1;59
"0.50.50.025";0.5;35;0.5;0.025;56;0;60
"0.50.50.025";0.5;36;0.5;0.025;58;1;59
"0.50.50.025";0.5;37;0.5;0.025;47;5;55
"0.50.50.025";0.5;38;0.5;0.025;45;4;56
"0.50.50.025";0.5;39;0.5;0.025;27;10;50
"0.50.50.025";0.5;40;0.5;0.025;54;1;59
"0.50.50.025";0.5;41;0.5;0.025;60;0;60
"0.50.50.025";0.5;42;0.5;0.025;38;7;53
"0.50.50.025";0.5;43;0.5;0.025;55;3;57
"0.50.50.025";0.5;44;0.5;0.025;36;8;52
"0.50.50.025";0.5;45;0.5;0.025;43;8;52
"0.50.50.025";0.5;46;0.5;0.025;60;0;60
"0.50.50.025";0.5;47;0.5;0.025;30;5;55
"0.50.50.025";0.5;48;0.5;0.025;60;0;60
"0.50.50.025";0.5;49;0.5;0.025;42;4;56
"0.50.50.025";0.5;50;0.5;0.025;59;1;59
"0.50.50.025";0.5;51;0.5;0.025;59;0;60
"0.50.50.025";0.5;52;0.5;0.025;57;1;59
"0.50.50.025";0.5;53;0.5;0.025;59;0;60
"0.50.50.025";0.5;54;0.5;0.025;59;0;60
"0.50.50.025";0.5;55;0.5;0.025;58;1;59
"0.50.50.025";0.5;56;0.5;0.025;52;2;58
"0.50.50.025";0.5;57;0.5;0.025;58;1;59
"0.50.50.025";0.5;58;0.5;0.025;27;6;54
"0.50.50.025";0.5;59;0.5;0.025;47;3;57
"0.50.50.025";0.5;60;0.5;0.025;47;6;54
"0.50.50.025";0.5;61;0.5;0.025;55;1;59
"0.50.50.025";0.5;62;0.5;0.025;53;2;58
"0.50.50.025";0.5;63;0.5;0.025;59;0;60
"0.50.50.025";0.5;64;0.5;0.025;60;0;60
"0.50.50.025";0.5;65;0.5;0.025;60;0;60
"0.50.50.025";0.5;66;0.5;0.025;52;4;56
"0.50.50.025";0.5;67;0.5;0.025;56;0;60
"0.50.50.025";0.5;68;0.5;0.025;52;1;59
"0.50.50.025";0.5;69;0.5;0.025;53;2;58
"0.50.50.025";0.5;70;0.5;0.025;38;6;54
"0.50.50.025";0.5;71;0.5;0.025;57;0;60
"0.50.50.025";0.5;72;0.5;0.025;60;0;60
"0.50.50.025";0.5;73;0.5;0.025;59;0;60
"0.50.50.025";0.5;74;0.5;0.025;42;1;59
"0.50.50.025";0.5;75;0.5;0.025;59;0;60
"0.50.50.025";0.5;76;0.5;0.025;55;3;57
"0.50.50.025";0.5;77;0.5;0.025;52;2;58
"0.50.50.025";0.5;78;0.5;0.025;56;0;60
"0.50.50.025";0.5;79;0.5;0.025;50;1;59
"0.50.50.025";0.5;80;0.5;0.025;60;0;60
"0.50.50.025";0.5;81;0.5;0.025;53;3;57
"0.50.50.025";0.5;82;0.5;0.025;48;0;60
"0.50.50.025";0.5;83;0.5;0.025;44;6;54
"0.50.50.025";0.5;84;0.5;0.025;59;1;59
"0.50.50.025";0.5;85;0.5;0.025;59;0;60
"0.50.50.025";0.5;86;0.5;0.025;40;3;57
"0.50.50.025";0.5;87;0.5;0.025;44;3;57
"0.50.50.025";0.5;88;0.5;0.025;50;2;58
"0.50.50.025";0.5;89;0.5;0.025;56;0;60
"0.50.50.025";0.5;90;0.5;0.025;60;0;60
"0.50.50.025";0.5;91;0.5;0.025;59;0;60
"0.50.50.025";0.5;92;0.5;0.025;43;6;54
"0.50.50.025";0.5;93;0.5;0.025;60;0;60
"0.50.50.025";0.5;94;0.5;0.025;60;0;60
"0.50.50.025";0.5;95;0.5;0.025;51;3;57
"0.50.50.025";0.5;96;0.5;0.025;59;0;60
"0.50.50.025";0.5;97;0.5;0.025;44;3;57
"0.50.50.025";0.5;98;0.5;0.025;23;10;50
"0.50.50.025";0.5;99;0.5;0.025;52;1;59
"0.50.50.025";0.5;100;0.5;0.025;45;3;57
"0.50.50.05";0.5;1;0.5;0.05;44;3;57
"0.50.50.05";0.5;2;0.5;0.05;51;2;58
"0.50.50.05";0.5;3;0.5;0.05;52;3;57
"0.50.50.05";0.5;4;0.5;0.05;54;2;58
"0.50.50.05";0.5;5;0.5;0.05;57;1;59
"0.50.50.05";0.5;6;0.5;0.05;53;5;55
"0.50.50.05";0.5;7;0.5;0.05;52;1;59
"0.50.50.05";0.5;8;0.5;0.05;53;1;59
"0.50.50.05";0.5;9;0.5;0.05;54;4;56
"0.50.50.05";0.5;10;0.5;0.05;59;0;60
"0.50.50.05";0.5;11;0.5;0.05;44;1;59
"0.50.50.05";0.5;12;0.5;0.05;39;4;56
"0.50.50.05";0.5;13;0.5;0.05;57;0;60
"0.50.50.05";0.5;14;0.5;0.05;48;2;58
"0.50.50.05";0.5;15;0.5;0.05;52;1;59
"0.50.50.05";0.5;16;0.5;0.05;51;4;56
"0.50.50.05";0.5;17;0.5;0.05;33;7;53
"0.50.50.05";0.5;18;0.5;0.05;46;5;55
"0.50.50.05";0.5;19;0.5;0.05;57;1;59
"0.50.50.05";0.5;20;0.5;0.05;29;8;52
"0.50.50.05";0.5;21;0.5;0.05;25;10;50
"0.50.50.05";0.5;22;0.5;0.05;46;5;55
"0.50.50.05";0.5;23;0.5;0.05;48;6;54
"0.50.50.05";0.5;24;0.5;0.05;44;3;57
"0.50.50.05";0.5;25;0.5;0.05;49;1;59
"0.50.50.05";0.5;26;0.5;0.05;45;6;54
"0.50.50.05";0.5;27;0.5;0.05;50;2;58
"0.50.50.05";0.5;28;0.5;0.05;41;3;57
"0.50.50.05";0.5;29;0.5;0.05;49;3;57
"0.50.50.05";0.5;30;0.5;0.05;56;1;59
"0.50.50.05";0.5;31;0.5;0.05;38;1;59
"0.50.50.05";0.5;32;0.5;0.05;38;4;56
"0.50.50.05";0.5;33;0.5;0.05;56;1;59
"0.50.50.05";0.5;34;0.5;0.05;52;4;56
"0.50.50.05";0.5;35;0.5;0.05;54;1;59
"0.50.50.05";0.5;36;0.5;0.05;45;5;55
"0.50.50.05";0.5;37;0.5;0.05;36;6;54
"0.50.50.05";0.5;38;0.5;0.05;34;7;53
"0.50.50.05";0.5;39;0.5;0.05;38;5;55
"0.50.50.05";0.5;40;0.5;0.05;38;6;54
"0.50.50.05";0.5;41;0.5;0.05;50;3;57
"0.50.50.05";0.5;42;0.5;0.05;56;1;59
"0.50.50.05";0.5;43;0.5;0.05;33;8;52
"0.50.50.05";0.5;44;0.5;0.05;48;1;59
"0.50.50.05";0.5;45;0.5;0.05;53;2;58
"0.50.50.05";0.5;46;0.5;0.05;43;4;56
"0.50.50.05";0.5;47;0.5;0.05;56;0;60
"0.50.50.05";0.5;48;0.5;0.05;53;2;58
"0.50.50.05";0.5;49;0.5;0.05;47;5;55
"0.50.50.05";0.5;50;0.5;0.05;36;5;55
"0.50.50.05";0.5;51;0.5;0.05;38;4;56
"0.50.50.05";0.5;52;0.5;0.05;34;6;54
"0.50.50.05";0.5;53;0.5;0.05;58;1;59
"0.50.50.05";0.5;54;0.5;0.05;54;1;59
"0.50.50.05";0.5;55;0.5;0.05;52;1;59
"0.50.50.05";0.5;56;0.5;0.05;59;1;59
"0.50.50.05";0.5;57;0.5;0.05;58;0;60
"0.50.50.05";0.5;58;0.5;0.05;57;0;60
"0.50.50.05";0.5;59;0.5;0.05;46;3;57
"0.50.50.05";0.5;60;0.5;0.05;40;7;53
"0.50.50.05";0.5;61;0.5;0.05;40;6;54
"0.50.50.05";0.5;62;0.5;0.05;53;1;59
"0.50.50.05";0.5;63;0.5;0.05;54;1;59
"0.50.50.05";0.5;64;0.5;0.05;55;2;58
"0.50.50.05";0.5;65;0.5;0.05;43;6;54
"0.50.50.05";0.5;66;0.5;0.05;55;0;60
"0.50.50.05";0.5;67;0.5;0.05;57;1;59
"0.50.50.05";0.5;68;0.5;0.05;31;7;53
"0.50.50.05";0.5;69;0.5;0.05;47;3;57
"0.50.50.05";0.5;70;0.5;0.05;32;6;54
"0.50.50.05";0.5;71;0.5;0.05;36;6;54
"0.50.50.05";0.5;72;0.5;0.05;44;6;54
"0.50.50.05";0.5;73;0.5;0.05;59;1;59
"0.50.50.05";0.5;74;0.5;0.05;59;0;60
"0.50.50.05";0.5;75;0.5;0.05;29;9;51
"0.50.50.05";0.5;76;0.5;0.05;57;1;59
"0.50.50.05";0.5;77;0.5;0.05;44;3;57
"0.50.50.05";0.5;78;0.5;0.05;56;0;60
"0.50.50.05";0.5;79;0.5;0.05;53;2;58
"0.50.50.05";0.5;80;0.5;0.05;54;2;58
"0.50.50.05";0.5;81;0.5;0.05;51;3;57
"0.50.50.05";0.5;82;0.5;0.05;49;1;59
"0.50.50.05";0.5;83;0.5;0.05;41;2;58
"0.50.50.05";0.5;84;0.5;0.05;57;0;60
"0.50.50.05";0.5;85;0.5;0.05;44;5;55
"0.50.50.05";0.5;86;0.5;0.05;45;4;56
"0.50.50.05";0.5;87;0.5;0.05;27;8;52
"0.50.50.05";0.5;88;0.5;0.05;54;2;58
"0.50.50.05";0.5;89;0.5;0.05;58;1;59
"0.50.50.05";0.5;90;0.5;0.05;47;2;58
"0.50.50.05";0.5;91;0.5;0.05;35;7;53
"0.50.50.05";0.5;92;0.5;0.05;37;4;56
"0.50.50.05";0.5;93;0.5;0.05;17;7;53
"0.50.50.05";0.5;94;0.5;0.05;53;1;59
"0.50.50.05";0.5;95;0.5;0.05;50;2;58
"0.50.50.05";0.5;96;0.5;0.05;49;3;57
"0.50.50.05";0.5;97;0.5;0.05;54;3;57
"0.50.50.05";0.5;98;0.5;0.05;56;3;57
"0.50.50.05";0.5;99;0.5;0.05;51;3;57
"0.50.50.05";0.5;100;0.5;0.05;53;3;57
"0.50.50.1";0.5;1;0.5;0.1;21;5;55
"0.50.50.1";0.5;2;0.5;0.1;50;0;60
"0.50.50.1";0.5;3;0.5;0.1;37;4;56
"0.50.50.1";0.5;4;0.5;0.1;30;4;56
"0.50.50.1";0.5;5;0.5;0.1;38;3;57
"0.50.50.1";0.5;6;0.5;0.1;21;8;52
"0.50.50.1";0.5;7;0.5;0.1;45;1;59
"0.50.50.1";0.5;8;0.5;0.1;50;2;58
"0.50.50.1";0.5;9;0.5;0.1;49;3;57
"0.50.50.1";0.5;10;0.5;0.1;43;5;55
"0.50.50.1";0.5;11;0.5;0.1;49;3;57
"0.50.50.1";0.5;12;0.5;0.1;33;10;50
"0.50.50.1";0.5;13;0.5;0.1;42;3;57
"0.50.50.1";0.5;14;0.5;0.1;33;6;54
"0.50.50.1";0.5;15;0.5;0.1;39;4;56
"0.50.50.1";0.5;16;0.5;0.1;43;4;56
"0.50.50.1";0.5;17;0.5;0.1;45;2;58
"0.50.50.1";0.5;18;0.5;0.1;34;6;54
"0.50.50.1";0.5;19;0.5;0.1;29;8;52
"0.50.50.1";0.5;20;0.5;0.1;42;5;55
"0.50.50.1";0.5;21;0.5;0.1;40;6;54
"0.50.50.1";0.5;22;0.5;0.1;45;7;53
"0.50.50.1";0.5;23;0.5;0.1;27;9;51
"0.50.50.1";0.5;24;0.5;0.1;48;3;57
"0.50.50.1";0.5;25;0.5;0.1;51;2;58
"0.50.50.1";0.5;26;0.5;0.1;33;3;57
"0.50.50.1";0.5;27;0.5;0.1;36;3;57
"0.50.50.1";0.5;28;0.5;0.1;24;11;49
"0.50.50.1";0.5;29;0.5;0.1;45;2;58
"0.50.50.1";0.5;30;0.5;0.1;32;6;54
"0.50.50.1";0.5;31;0.5;0.1;21;11;49
"0.50.50.1";0.5;32;0.5;0.1;31;4;56
"0.50.50.1";0.5;33;0.5;0.1;42;5;55
"0.50.50.1";0.5;34;0.5;0.1;40;3;57
"0.50.50.1";0.5;35;0.5;0.1;40;7;53
"0.50.50.1";0.5;36;0.5;0.1;53;0;60
"0.50.50.1";0.5;37;0.5;0.1;40;4;56
"0.50.50.1";0.5;38;0.5;0.1;28;10;50
"0.50.50.1";0.5;39;0.5;0.1;49;2;58
"0.50.50.1";0.5;40;0.5;0.1;39;3;57
"0.50.50.1";0.5;41;0.5;0.1;47;4;56
"0.50.50.1";0.5;42;0.5;0.1;44;6;54
"0.50.50.1";0.5;43;0.5;0.1;43;4;56
"0.50.50.1";0.5;44;0.5;0.1;49;4;56
"0.50.50.1";0.5;45;0.5;0.1;52;2;58
"0.50.50.1";0.5;46;0.5;0.1;26;8;52
"0.50.50.1";0.5;47;0.5;0.1;38;7;53
"0.50.50.1";0.5;48;0.5;0.1;50;6;54
"0.50.50.1";0.5;49;0.5;0.1;44;4;56
"0.50.50.1";0.5;50;0.5;0.1;27;3;57
"0.50.50.1";0.5;51;0.5;0.1;47;5;55
"0.50.50.1";0.5;52;0.5;0.1;37;6;54
"0.50.50.1";0.5;53;0.5;0.1;30;6;54
"0.50.50.1";0.5;54;0.5;0.1;41;10;50
"0.50.50.1";0.5;55;0.5;0.1;42;5;55
"0.50.50.1";0.5;56;0.5;0.1;45;5;55
"0.50.50.1";0.5;57;0.5;0.1;39;5;55
"0.50.50.1";0.5;58;0.5;0.1;34;9;51
"0.50.50.1";0.5;59;0.5;0.1;44;5;55
"0.50.50.1";0.5;60;0.5;0.1;50;2;58
"0.50.50.1";0.5;61;0.5;0.1;48;4;56
"0.50.50.1";0.5;62;0.5;0.1;36;8;52
"0.50.50.1";0.5;63;0.5;0.1;34;7;53
"0.50.50.1";0.5;64;0.5;0.1;34;5;55
"0.50.50.1";0.5;65;0.5;0.1;39;2;58
"0.50.50.1";0.5;66;0.5;0.1;36;2;58
"0.50.50.1";0.5;67;0.5;0.1;43;3;57
"0.50.50.1";0.5;68;0.5;0.1;49;4;56
"0.50.50.1";0.5;69;0.5;0.1;36;5;55
"0.50.50.1";0.5;70;0.5;0.1;40;6;54
"0.50.50.1";0.5;71;0.5;0.1;44;2;58
"0.50.50.1";0.5;72;0.5;0.1;38;6;54
"0.50.50.1";0.5;73;0.5;0.1;29;6;54
"0.50.50.1";0.5;74;0.5;0.1;29;12;48
"0.50.50.1";0.5;75;0.5;0.1;36;7;53
"0.50.50.1";0.5;76;0.5;0.1;36;6;54
"0.50.50.1";0.5;77;0.5;0.1;41;3;57
"0.50.50.1";0.5;78;0.5;0.1;52;5;55
"0.50.50.1";0.5;79;0.5;0.1;40;5;55
"0.50.50.1";0.5;80;0.5;0.1;29;10;50
"0.50.50.1";0.5;81;0.5;0.1;42;6;54
"0.50.50.1";0.5;82;0.5;0.1;37;5;55
"0.50.50.1";0.5;83;0.5;0.1;36;4;56
"0.50.50.1";0.5;84;0.5;0.1;40;2;58
"0.50.50.1";0.5;85;0.5;0.1;38;7;53
"0.50.50.1";0.5;86;0.5;0.1;42;4;56
"0.50.50.1";0.5;87;0.5;0.1;36;5;55
"0.50.50.1";0.5;88;0.5;0.1;44;2;58
"0.50.50.1";0.5;89;0.5;0.1;45;4;56
"0.50.50.1";0.5;90;0.5;0.1;31;11;49
"0.50.50.1";0.5;91;0.5;0.1;42;3;57
"0.50.50.1";0.5;92;0.5;0.1;38;8;52
"0.50.50.1";0.5;93;0.5;0.1;44;4;56
"0.50.50.1";0.5;94;0.5;0.1;47;5;55
"0.50.50.1";0.5;95;0.5;0.1;44;5;55
"0.50.50.1";0.5;96;0.5;0.1;47;4;56
"0.50.50.1";0.5;97;0.5;0.1;43;3;57
"0.50.50.1";0.5;98;0.5;0.1;39;8;52
"0.50.50.1";0.5;99;0.5;0.1;51;3;57
"0.50.50.1";0.5;100;0.5;0.1;26;8;52
